date,symbol,close,spread_roll,spread_cs,spread_ar
2024-06-01 00:00:00+00:00,BTCUSDT,67766.85,,0.003189405144507526,
2024-06-02 00:00:00+00:00,BTCUSDT,67765.63,,,
2024-06-03 00:00:00+00:00,BTCUSDT,68809.9,,0.0072170657137286195,
2024-06-04 00:00:00+00:00,BTCUSDT,70537.84,,,
2024-06-05 00:00:00+00:00,BTCUSDT,71108.0,,0.015461427185818229,
2024-06-06 00:00:00+00:00,BTCUSDT,70799.06,,0.01127964217418147,
2024-06-07 00:00:00+00:00,BTCUSDT,69355.6,,0.000841416346932205,
2024-06-08 00:00:00+00:00,BTCUSDT,69310.46,,0.0038237567358938482,
2024-06-09 00:00:00+00:00,BTCUSDT,69648.14,,0.00660388201293163,
2024-06-10 00:00:00+00:00,BTCUSDT,69540.0,,,
2024-06-11 00:00:00+00:00,BTCUSDT,67314.24,,0.026545501577979115,
2024-06-12 00:00:00+00:00,BTCUSDT,68263.99,,0.0017746823093855166,
2024-06-13 00:00:00+00:00,BTCUSDT,66773.01,,,
2024-06-14 00:00:00+00:00,BTCUSDT,66043.99,,0.0030206967501177936,
2024-06-15 00:00:00+00:00,BTCUSDT,66228.25,,0.00020771153635581666,
2024-06-16 00:00:00+00:00,BTCUSDT,66676.87,,0.007397316069889074,
2024-06-17 00:00:00+00:00,BTCUSDT,66504.33,,0.0033456681080170038,
2024-06-18 00:00:00+00:00,BTCUSDT,65175.32,,0.007931155190832612,
2024-06-19 00:00:00+00:00,BTCUSDT,64974.37,,0.010169267688537095,
2024-06-20 00:00:00+00:00,BTCUSDT,64869.99,,,
2024-06-21 00:00:00+00:00,BTCUSDT,64143.56,,0.003925763090899933,0.00459473998885162
2024-06-22 00:00:00+00:00,BTCUSDT,64262.01,,0.0038615738380226613,0.004721032963118274
2024-06-23 00:00:00+00:00,BTCUSDT,63210.01,,,0.004265655852989521
2024-06-24 00:00:00+00:00,BTCUSDT,60293.3,,0.017602891603778457,0.004950810531073047
2024-06-25 00:00:00+00:00,BTCUSDT,61806.01,0.016615000141023926,0.0222073113901055,0.00544278703902681
2024-06-26 00:00:00+00:00,BTCUSDT,60864.99,0.02053039282473487,0.024905395868015934,0.00637233191223972
2024-06-27 00:00:00+00:00,BTCUSDT,61706.47,0.02155184974368938,0.018664072743775247,0.006915260465918633
2024-06-28 00:00:00+00:00,BTCUSDT,60427.84,0.022730841741500404,0.006286141195387927,0.007549756997120312
2024-06-29 00:00:00+00:00,BTCUSDT,60986.68,0.02335455072607102,,0.007401081791247841
2024-06-30 00:00:00+00:00,BTCUSDT,62772.01,0.021223414544381324,,0.007401081791247841
2024-07-01 00:00:00+00:00,BTCUSDT,62899.99,0.02024504636298049,,0.007401081791247841
2024-07-02 00:00:00+00:00,BTCUSDT,62135.47,0.020052871801449403,,0.006366301824877609
2024-07-03 00:00:00+00:00,BTCUSDT,60208.58,0.015910303876199496,,0.006366301824877609
2024-07-04 00:00:00+00:00,BTCUSDT,57050.01,,,0.006366301824877609
2024-07-05 00:00:00+00:00,BTCUSDT,56628.79,,,0.006157820450490557
2024-07-06 00:00:00+00:00,BTCUSDT,58230.13,,0.038677879465546634,0.007932635695752898
2024-07-07 00:00:00+00:00,BTCUSDT,55857.81,0.014580627904846565,0.026460456413275824,0.008648742366673451
2024-07-08 00:00:00+00:00,BTCUSDT,56714.62,0.019677645794772693,0.01733571388250214,0.007789086220281561
2024-07-09 00:00:00+00:00,BTCUSDT,58050.0,0.01529361325454599,,0.007714132360844233
2024-07-10 00:00:00+00:00,BTCUSDT,57725.85,0.015075661277363178,0.03642462458485444,0.008183480014416733
2024-07-11 00:00:00+00:00,BTCUSDT,57339.89,0.015143685750239291,0.0068843681692713375,0.008894836527288699
2024-07-12 00:00:00+00:00,BTCUSDT,57889.1,0.015076496093696365,,0.008766616143532103
2024-07-13 00:00:00+00:00,BTCUSDT,59204.02,0.011826399738049083,,0.008640323169265449
2024-07-14 00:00:00+00:00,BTCUSDT,60797.91,,,0.008640323169265449
2024-07-15 00:00:00+00:00,BTCUSDT,64724.14,,0.01756576874826848,0.009414182566827902
2024-07-16 00:00:00+00:00,BTCUSDT,65043.99,,0.0007503518267004256,0.009322281130364448
2024-07-17 00:00:00+00:00,BTCUSDT,64087.99,,0.002660098908457639,0.008692907033614096
2024-07-18 00:00:00+00:00,BTCUSDT,63987.92,,0.013604207692732172,0.008893874666134872
2024-07-19 00:00:00+00:00,BTCUSDT,66660.0,,0.0003652058555552629,0.00808654027592178
2024-07-20 00:00:00+00:00,BTCUSDT,67139.96,,0.012388994219698638,0.008281304755887928
2024-07-21 00:00:00+00:00,BTCUSDT,68165.34,,0.01863194955427268,0.009478111343460159
2024-07-22 00:00:00+00:00,BTCUSDT,67532.01,,,0.009680134209840223
2024-07-23 00:00:00+00:00,BTCUSDT,65936.01,,0.014956560428325187,0.010148844365144846
2024-07-24 00:00:00+00:00,BTCUSDT,65376.0,,,0.010148844365144846
2024-07-25 00:00:00+00:00,BTCUSDT,65799.95,,,0.010148844365144846
2024-07-26 00:00:00+00:00,BTCUSDT,67907.99,,0.0008779104365961981,0.010148844365144846
2024-07-27 00:00:00+00:00,BTCUSDT,67896.5,,0.009725214135027376,0.008374029119882503
2024-07-28 00:00:00+00:00,BTCUSDT,68249.88,,0.007495701900387852,0.007411449413750124
2024-07-29 00:00:00+00:00,BTCUSDT,66784.69,,,0.007411449413750124
2024-07-30 00:00:00+00:00,BTCUSDT,66188.0,,0.01469300916798223,0.007622467821326375
2024-07-31 00:00:00+00:00,BTCUSDT,64628.0,,,0.006649281299697349
2024-08-01 00:00:00+00:00,BTCUSDT,65354.02,,0.040439308793679546,0.008390883111299643
2024-08-02 00:00:00+00:00,BTCUSDT,61498.33,,,0.008390883111299643
2024-08-03 00:00:00+00:00,BTCUSDT,60697.99,,,0.008390883111299643
2024-08-04 00:00:00+00:00,BTCUSDT,58161.0,,,0.008390883111299643
2024-08-05 00:00:00+00:00,BTCUSDT,54018.81,,0.021020830347684316,0.006441319268144404
2024-08-06 00:00:00+00:00,BTCUSDT,56022.01,,0.02800209122113418,0.006041244196654096
2024-08-07 00:00:00+00:00,BTCUSDT,55134.16,,0.019609043283441298,0.008757823354068722
2024-08-08 00:00:00+00:00,BTCUSDT,61685.99,0.011840520893247273,0.011525761434023186,0.01084923311294084
2024-08-09 00:00:00+00:00,BTCUSDT,60837.99,0.020436655340369755,0.012599891677882209,0.01084923311294084
2024-08-10 00:00:00+00:00,BTCUSDT,60923.51,0.023085178025431613,0.008047991109596076,0.011044353202013264
2024-08-11 00:00:00+00:00,BTCUSDT,58712.59,0.024872222565612757,0.020096947008201256,0.0110864627465309
2024-08-12 00:00:00+00:00,BTCUSDT,59346.64,0.026745138445797196,0.01976843951606827,0.010884439880150835
2024-08-13 00:00:00+00:00,BTCUSDT,60587.15,0.025217456340276168,0.04944706029426949,0.011291798858757817
2024-08-14 00:00:00+00:00,BTCUSDT,58683.39,0.028137616631035124,,0.011291798858757817
2024-08-15 00:00:00+00:00,BTCUSDT,57541.06,0.026572748529202102,0.03601357606476265,0.012270417393550285
2024-08-16 00:00:00+00:00,BTCUSDT,58874.6,0.029687306970106922,0.006027333696931649,0.012270417393550285
2024-08-17 00:00:00+00:00,BTCUSDT,59491.99,0.028805893960989395,0.008620691106674204,0.012584243347002921
2024-08-18 00:00:00+00:00,BTCUSDT,58427.35,0.029718613369245823,0.005048112158531862,0.013236936666948649
2024-08-19 00:00:00+00:00,BTCUSDT,59438.5,0.029992128426876357,,0.013236936666948649
2024-08-20 00:00:00+00:00,BTCUSDT,59013.8,0.03029783987661444,0.035948238054492605,0.01477550337497743
2024-08-21 00:00:00+00:00,BTCUSDT,61156.03,0.030739494798311562,0.017126306523759943,0.0159088148956058
2024-08-22 00:00:00+00:00,BTCUSDT,60375.84,0.031056755058180868,,0.014447722790877129
2024-08-23 00:00:00+00:00,BTCUSDT,64037.24,0.030127293946059685,0.003674623527566815,0.014737934074154121
2024-08-24 00:00:00+00:00,BTCUSDT,64157.01,0.033118622327138705,0.003433133604010643,0.014737934074154121
2024-08-25 00:00:00+00:00,BTCUSDT,64220.0,0.03520353442210258,,0.014737934074154121
2024-08-26 00:00:00+00:00,BTCUSDT,62834.0,0.0443263452083269,,0.014737934074154121
2024-08-27 00:00:00+00:00,BTCUSDT,59415.0,0.03353529646866779,0.014463139421501589,0.014737934074154121
2024-08-28 00:00:00+00:00,BTCUSDT,59034.9,0.029834362593908367,0.004389249002997985,0.01163812880916234
2024-08-29 00:00:00+00:00,BTCUSDT,59359.01,0.021795372972760636,,0.008802822864090532
2024-08-30 00:00:00+00:00,BTCUSDT,59123.99,0.01428345249478027,0.004563296045180282,0.008936157722314946
2024-08-31 00:00:00+00:00,BTCUSDT,58973.99,0.014017793447199693,,0.008546273153276376
2024-09-01 00:00:00+00:00,BTCUSDT,57301.86,0.013045372058621059,0.027802711850350922,0.008781715255536702
2024-09-02 00:00:00+00:00,BTCUSDT,59132.13,0.016277250355305625,0.02634369778150381,0.009881862901942966
2024-09-03 00:00:00+00:00,BTCUSDT,57487.73,0.022084164219654406,,0.009005793768031364
2024-09-04 00:00:00+00:00,BTCUSDT,57970.9,0.020177337215837622,0.04442589780007877,0.010601913953408829
2024-09-05 00:00:00+00:00,BTCUSDT,56180.0,0.024121554545013548,,0.00962329541861636
2024-09-06 00:00:00+00:00,BTCUSDT,53962.97,0.016004873011190246,0.006041183186815343,0.010511478690263568
2024-09-07 00:00:00+00:00,BTCUSDT,54160.86,0.01978539695818529,0.01467003479321675,0.010553195833389987
2024-09-08 00:00:00+00:00,BTCUSDT,54869.95,0.017959482221220447,,0.009751318031366312
2024-09-09 00:00:00+00:00,BTCUSDT,57042.0,0.011315308797809329,0.01552691126652749,0.009751318031366312
2024-09-10 00:00:00+00:00,BTCUSDT,57635.99,0.002762685894191794,0.018795783097545253,0.009023243856626197
2024-09-11 00:00:00+00:00,BTCUSDT,57338.0,,,0.007889932335997824
2024-09-12 00:00:00+00:00,BTCUSDT,58132.32,,,0.006898066116252236
2024-09-13 00:00:00+00:00,BTCUSDT,60498.0,,0.009347118429673293,0.00792416154562851
2024-09-14 00:00:00+00:00,BTCUSDT,59993.03,,0.006868673411552955,0.00792416154562851
2024-09-15 00:00:00+00:00,BTCUSDT,59132.0,,,0.00792416154562851
2024-09-16 00:00:00+00:00,BTCUSDT,58213.99,,0.011020084734458023,0.008576699837699799
2024-09-17 00:00:00+00:00,BTCUSDT,60313.99,,0.014267077263827166,0.008576699837699799
2024-09-18 00:00:00+00:00,BTCUSDT,61759.99,,,0.008538043238174075
2024-09-19 00:00:00+00:00,BTCUSDT,62947.99,,0.012494646841795578,0.008538043238174075
2024-09-20 00:00:00+00:00,BTCUSDT,63201.05,,0.006582172901081846,0.00840470837994966
2024-09-21 00:00:00+00:00,BTCUSDT,63348.96,,0.007086428496845112,0.008680427144235142
2024-09-22 00:00:00+00:00,BTCUSDT,63578.76,,0.01391309909284,0.007206068909884948
2024-09-23 00:00:00+00:00,BTCUSDT,63339.99,,0.028914789660873276,0.006583439357353658
2024-09-24 00:00:00+00:00,BTCUSDT,64262.7,,0.023132098716760283,0.00728607755358424
2024-09-25 00:00:00+00:00,BTCUSDT,63152.01,,0.019409134489494727,0.007015558231558815
2024-09-26 00:00:00+00:00,BTCUSDT,65173.99,,,0.007015558231558815
2024-09-27 00:00:00+00:00,BTCUSDT,65769.95,,0.007223679623167415,0.006127374959911611
2024-09-28 00:00:00+00:00,BTCUSDT,65858.0,0.00617563001795825,0.00804894646177604,0.0058350267946882415
2024-09-29 00:00:00+00:00,BTCUSDT,65602.01,0.0035918066061866026,,0.0058350267946882415
2024-09-30 00:00:00+00:00,BTCUSDT,63327.59,,,0.0058350267946882415
2024-10-01 00:00:00+00:00,BTCUSDT,60805.78,,0.019973126279169987,0.00590763849476336
2024-10-02 00:00:00+00:00,BTCUSDT,60649.28,,0.01366961314105946,0.00590763849476336
2024-10-03 00:00:00+00:00,BTCUSDT,60752.71,,,0.00590763849476336
2024-10-04 00:00:00+00:00,BTCUSDT,62086.0,,0.0043038789248523775,0.004881016488091927
2024-10-05 00:00:00+00:00,BTCUSDT,62058.0,,0.0028717297577595608,0.004881016488091927
2024-10-06 00:00:00+00:00,BTCUSDT,62819.91,,,0.004881016488091927
2024-10-07 00:00:00+00:00,BTCUSDT,62224.0,,0.003428800961842216,0.005093864075177599
2024-10-08 00:00:00+00:00,BTCUSDT,62160.49,,,0.005093864075177599
2024-10-09 00:00:00+00:00,BTCUSDT,60636.02,,,0.005093864075177599
2024-10-10 00:00:00+00:00,BTCUSDT,60326.39,,,0.005093864075177599
2024-10-11 00:00:00+00:00,BTCUSDT,62540.0,,0.00307085813511673,0.005093864075177599
2024-10-12 00:00:00+00:00,BTCUSDT,63206.22,,0.005940381639786221,0.0053451315573119955
2024-10-13 00:00:00+00:00,BTCUSDT,62870.02,,,0.0053451315573119955
2024-10-14 00:00:00+00:00,BTCUSDT,66083.99,,,0.004867613463437021
2024-10-15 00:00:00+00:00,BTCUSDT,67074.14,,,0.004164975267206437
2024-10-16 00:00:00+00:00,BTCUSDT,67620.01,,0.012396649534970326,0.0029948568871267524
2024-10-17 00:00:00+00:00,BTCUSDT,67421.78,,,0.0029948568871267524
2024-10-18 00:00:00+00:00,BTCUSDT,68428.0,,0.004393154000922221,0.003219997391670389
2024-10-19 00:00:00+00:00,BTCUSDT,68378.0,,0.0027936665398398445,0.0031568024603146993
2024-10-20 00:00:00+00:00,BTCUSDT,69031.99,,0.010412604626899963,0.003844771320206575
2024-10-21 00:00:00+00:00,BTCUSDT,67377.5,,0.0005720879390703262,0.003844771320206575
2024-10-22 00:00:00+00:00,BTCUSDT,67426.0,,,0.0034470677084861533
2024-10-23 00:00:00+00:00,BTCUSDT,66668.65,0.0011898042632998423,,0.0034470677084861533
2024-10-24 00:00:00+00:00,BTCUSDT,68198.28,0.007926925465151372,0.024517395399114666,0.004484828325475418
2024-10-25 00:00:00+00:00,BTCUSDT,66698.33,0.01207660368425218,0.005722517830569184,0.004678676804757457
2024-10-26 00:00:00+00:00,BTCUSDT,67092.76,0.012018736735249688,,0.004678676804757457
2024-10-27 00:00:00+00:00,BTCUSDT,68021.7,0.011532535351709026,,0.004678676804757457
2024-10-28 00:00:00+00:00,BTCUSDT,69962.21,0.00787956108572441,,0.003813290925600498
2024-10-29 00:00:00+00:00,BTCUSDT,72736.42,,0.00964269723973551,0.004817043047302903
2024-10-30 00:00:00+00:00,BTCUSDT,72344.74,0.008229205454370614,0.0033614815583183134,0.005371045962824815
2024-10-31 00:00:00+00:00,BTCUSDT,70292.01,0.007412125349290629,0.00831931407918021,0.005371045962824815
2024-11-01 00:00:00+00:00,BTCUSDT,69496.01,,0.005086996144945607,0.005371045962824815
2024-11-02 00:00:00+00:00,BTCUSDT,69374.74,,,0.0048440597164049375
2024-11-03 00:00:00+00:00,BTCUSDT,68775.99,,0.02162944017264986,0.005490163576946673
2024-11-04 00:00:00+00:00,BTCUSDT,67850.01,,0.012252119184427914,0.006319822686377662
2024-11-05 00:00:00+00:00,BTCUSDT,69372.01,,,0.006319822686377662
2024-11-06 00:00:00+00:00,BTCUSDT,75571.99,,,0.006164340203105308
2024-11-07 00:00:00+00:00,BTCUSDT,75857.89,,0.00482384413188153,0.006164340203105308
2024-11-08 00:00:00+00:00,BTCUSDT,76509.78,,0.012112884677030034,0.006147696122832184
2024-11-09 00:00:00+00:00,BTCUSDT,76677.46,,,0.006147696122832184
2024-11-10 00:00:00+00:00,BTCUSDT,80370.01,,,0.005459727262940308
2024-11-11 00:00:00+00:00,BTCUSDT,88647.99,,0.021065471160148484,0.007794861601329896
2024-11-12 00:00:00+00:00,BTCUSDT,87952.01,,0.01250903355781246,0.007098442572110279
2024-11-13 00:00:00+00:00,BTCUSDT,90375.2,,0.0447603974372508,0.008095956137012668
2024-11-14 00:00:00+00:00,BTCUSDT,87325.59,,0.049106072723463186,0.009195504700002088
2024-11-15 00:00:00+00:00,BTCUSDT,91032.07,,0.007881802364057099,0.009169512706494576
2024-11-16 00:00:00+00:00,BTCUSDT,90586.92,,0.004455532159488232,0.009169512706494576
2024-11-17 00:00:00+00:00,BTCUSDT,89855.99,,0.00927354320785373,0.009692192323899888
2024-11-18 00:00:00+00:00,BTCUSDT,90464.08,,0.006913897385268184,0.010649570788346547
2024-11-19 00:00:00+00:00,BTCUSDT,92310.79,,0.01020634021931486,0.009645818666644141
2024-11-20 00:00:00+00:00,BTCUSDT,94286.56,,,0.00909181575112223
2024-11-21 00:00:00+00:00,BTCUSDT,98317.12,,,0.00909181575112223
2024-11-22 00:00:00+00:00,BTCUSDT,98892.0,0.011560524751832443,0.01410550056227251,0.009758514601614709
2024-11-23 00:00:00+00:00,BTCUSDT,97672.4,0.013195443125894442,0.004023134766036519,0.009758514601614709
2024-11-24 00:00:00+00:00,BTCUSDT,97900.04,0.013565061780415682,0.014920564264626787,0.010385215855933902
2024-11-25 00:00:00+00:00,BTCUSDT,93010.01,0.011900381384509842,,0.009555556746502913
2024-11-26 00:00:00+00:00,BTCUSDT,91965.16,,0.01112531483518202,0.011088117923205788
2024-11-27 00:00:00+00:00,BTCUSDT,95863.11,0.004152068749986568,0.008280877309707816,0.011697363895245352
2024-11-28 00:00:00+00:00,BTCUSDT,95643.98,,,0.011697363895245352
2024-11-29 00:00:00+00:00,BTCUSDT,97460.0,0.0034051107375685807,0.0069315763110699225,0.012051344246331122
2024-11-30 00:00:00+00:00,BTCUSDT,96407.99,0.007052536931038814,0.010018908923681217,0.012405521296951303
2024-12-01 00:00:00+00:00,BTCUSDT,97185.18,,0.014173214891123683,0.01302822451146457
2024-12-02 00:00:00+00:00,BTCUSDT,95840.62,0.025409424830369638,0.0018977101063153302,0.010693090173074982
2024-12-03 00:00:00+00:00,BTCUSDT,95849.69,0.020349522145864413,,0.010693090173074982
2024-12-04 00:00:00+00:00,BTCUSDT,98587.32,0.01944384185926895,0.01748307868502387,0.011321235725802282
2024-12-05 00:00:00+00:00,BTCUSDT,96945.63,0.017360638839138933,0.029585075632888362,0.009638357305048785
2024-12-06 00:00:00+00:00,BTCUSDT,99740.84,0.010763284414737482,0.005082172430241132,0.009462376048676304
2024-12-07 00:00:00+00:00,BTCUSDT,99831.99,0.007970275358657426,0.010619755706890874,0.009462376048676304
2024-12-08 00:00:00+00:00,BTCUSDT,101109.59,0.009684753703149127,0.008488308634615914,0.010818886044721688
2024-12-09 00:00:00+00:00,BTCUSDT,97276.47,0.012391179044926155,0.026926666603959794,0.009861507580275031
2024-12-10 00:00:00+00:00,BTCUSDT,96593.0,0.00872147628782128,,0.009861507580275031
2024-12-11 00:00:00+00:00,BTCUSDT,101125.0,0.015006586683674956,0.0030610484063235354,0.01053796399234117
2024-12-12 00:00:00+00:00,BTCUSDT,100004.29,0.02204083232006492,0.02085919582186699,0.011200702840369971
2024-12-13 00:00:00+00:00,BTCUSDT,101424.25,0.023638607251736495,,0.01053400398987749
2024-12-14 00:00:00+00:00,BTCUSDT,101420.0,0.023439313727467704,,0.011101696451441552
2024-12-15 00:00:00+00:00,BTCUSDT,104463.99,0.023623626185653224,,0.009828891336580622
2024-12-16 00:00:00+00:00,BTCUSDT,106058.66,0.02241621572926712,0.008360258309801832,0.009828891336580622
2024-12-17 00:00:00+00:00,BTCUSDT,106133.74,0.02672333653805676,,0.008296330159877748
2024-12-18 00:00:00+00:00,BTCUSDT,100204.01,0.022577784934445143,,0.007687084187838182
2024-12-19 00:00:00+00:00,BTCUSDT,97461.86,0.010918573321057255,,0.007687084187838182
2024-12-20 00:00:00+00:00,BTCUSDT,97805.44,0.011082786271721686,,0.007124607412481897
2024-12-21 00:00:00+00:00,BTCUSDT,97291.99,0.009240052277391598,,0.0067704303618617186
2024-12-22 00:00:00+00:00,BTCUSDT,95186.27,0.006542335030161341,0.005200725540948219,0.006147727147348453
2024-12-23 00:00:00+00:00,BTCUSDT,94881.47,0.003192501951967876,0.004883492119851641,0.006147727147348453
2024-12-24 00:00:00+00:00,BTCUSDT,98663.58,0.005498978393907504,0.005442245622425034,0.0065208790139703165
2024-12-25 00:00:00+00:00,BTCUSDT,99429.6,,0.009183213086449071,0.006101814191301987
2024-12-26 00:00:00+00:00,BTCUSDT,95791.6,,,0.005647383432076799
2024-12-27 00:00:00+00:00,BTCUSDT,94299.03,,0.007783730716333431,0.0062420849270312185
2024-12-28 00:00:00+00:00,BTCUSDT,95300.0,,0.0025595670695247015,0.00689025040784675
2024-12-29 00:00:00+00:00,BTCUSDT,93738.2,,0.009949596207790883,0.005011060794396054
2024-12-30 00:00:00+00:00,BTCUSDT,92792.05,,0.019597132478756232,0.005816682566827868
2024-12-31 00:00:00+00:00,BTCUSDT,93576.0,,0.014626232382039396,0.0063106972269494025
2025-01-01 00:00:00+00:00,BTCUSDT,94591.79,,,0.005634240814883262
2025-01-02 00:00:00+00:00,BTCUSDT,96984.79,,,0.004971501966854461
2025-01-03 00:00:00+00:00,BTCUSDT,98174.18,,0.006488209398468438,0.005105921430154886
2025-01-04 00:00:00+00:00,BTCUSDT,98220.5,,0.011001461253623813,0.004647408445282172
2025-01-05 00:00:00+00:00,BTCUSDT,98363.61,,,0.004647408445282172
2025-01-06 00:00:00+00:00,BTCUSDT,102235.6,,0.03429598020710047,0.006927424855630524
2025-01-07 00:00:00+00:00,BTCUSDT,96954.61,,,0.006927424855630524
2025-01-08 00:00:00+00:00,BTCUSDT,95060.61,,0.0071080658448278685,0.007538879677637865
2025-01-09 00:00:00+00:00,BTCUSDT,92552.49,,0.023173502662947,0.008582442132037774
2025-01-10 00:00:00+00:00,BTCUSDT,94726.11,0.0035418865049638946,0.005072229527006577,0.009041325140764282
2025-01-11 00:00:00+00:00,BTCUSDT,94599.99,0.0027978235254529082,0.009849324930259917,0.00910299851026441
2025-01-12 00:00:00+00:00,BTCUSDT,94545.06,0.004895373041313937,0.005562466241103805,0.00910299851026441
2025-01-13 00:00:00+00:00,BTCUSDT,94536.1,0.006034718272360188,,0.00910299851026441
2025-01-14 00:00:00+00:00,BTCUSDT,96560.86,0.003501435227072384,,0.008729846643642547
2025-01-15 00:00:00+00:00,BTCUSDT,100497.35,,0.026917862227287485,0.009100331228592813
2025-01-16 00:00:00+00:00,BTCUSDT,99987.3,,,0.009100331228592813
2025-01-17 00:00:00+00:00,BTCUSDT,104077.48,0.009153022061139049,0.013697805517391224,0.00890493166775771
2025-01-18 00:00:00+00:00,BTCUSDT,104556.23,0.007786839773486807,0.01210854442226887,0.009366905312307194
2025-01-19 00:00:00+00:00,BTCUSDT,101331.57,0.0060129798678401425,0.04909005940727722,0.0114735543344844
2025-01-20 00:00:00+00:00,BTCUSDT,102260.01,0.011407791036171717,0.05321297661994448,0.012260166713163375
2025-01-21 00:00:00+00:00,BTCUSDT,106143.82,0.00946600456736983,0.014297373605936603,0.01339909039944739
2025-01-22 00:00:00+00:00,BTCUSDT,103706.66,0.01657563429429687,0.017850807025420964,0.013946982068358078
2025-01-23 00:00:00+00:00,BTCUSDT,103910.34,0.01696565596659206,0.028324522439051404,0.014248072573251214
2025-01-24 00:00:00+00:00,BTCUSDT,104870.5,0.018111919133661503,0.003619114415660316,0.01411365310995079
2025-01-25 00:00:00+00:00,BTCUSDT,104746.85,0.018123031773512734,0.005163564584317454,0.01418441021904978
2025-01-26 00:00:00+00:00,BTCUSDT,102620.0,0.017586050499729087,,0.01418441021904978
2025-01-27 00:00:00+00:00,BTCUSDT,102082.83,0.01650520619168801,0.011628522280200308,0.012198929242944093
2025-01-28 00:00:00+00:00,BTCUSDT,101335.52,,0.010050893445273773,0.01320919719797697
2025-01-29 00:00:00+00:00,BTCUSDT,103733.24,0.0116683094058902,,0.01259774237596963
2025-01-30 00:00:00+00:00,BTCUSDT,104722.94,0.016223976805913455,0.013125927787706982,0.011554179921569721
2025-01-31 00:00:00+00:00,BTCUSDT,102429.56,0.013053541279696277,,0.011095296912843213
2025-02-01 00:00:00+00:00,BTCUSDT,100635.65,0.006326433172428676,,0.011033623543343085
2025-02-02 00:00:00+00:00,BTCUSDT,97700.59,,0.02846817340765947,0.011033623543343085
2025-02-03 00:00:00+00:00,BTCUSDT,101328.52,0.011272644852418991,0.03126838165193564,0.014239327348577928
2025-02-04 00:00:00+00:00,BTCUSDT,97763.13,0.01934830793412719,0.018810445652108834,0.014239327348577928
2025-02-05 00:00:00+00:00,BTCUSDT,96612.43,0.021120267011778215,0.026919336858462536,0.013535653264808505
2025-02-06 00:00:00+00:00,BTCUSDT,96554.35,0.020536378304089883,0.028931104300292037,0.01455338327910371
2025-02-07 00:00:00+00:00,BTCUSDT,96506.8,0.019821583725654904,0.003938173750762555,0.01387252140960051
2025-02-08 00:00:00+00:00,BTCUSDT,96444.74,0.021507825508781987,0.006485239364615041,0.013025574153677607
2025-02-09 00:00:00+00:00,BTCUSDT,96462.75,0.02033823041433779,0.010362223823304014,0.010918925131500402
2025-02-10 00:00:00+00:00,BTCUSDT,97430.82,0.018464604301972345,0.028485054430495045,0.010016783210751687
2025-02-11 00:00:00+00:00,BTCUSDT,95778.2,0.02162780467496947,0.025366973072390595,0.008897990185329887
2025-02-12 00:00:00+00:00,BTCUSDT,97869.99,0.019438468423012126,0.022753838314864105,0.009804034921842357
2025-02-13 00:00:00+00:00,BTCUSDT,96608.14,0.02020692276174714,0.006030817431758609,0.009671580083986688
2025-02-14 00:00:00+00:00,BTCUSDT,97500.48,0.021122533273143416,0.0026378164633532194,0.009724568146895658
2025-02-15 00:00:00+00:00,BTCUSDT,97569.66,0.021009006408602635,,0.009544631561105322
2025-02-16 00:00:00+00:00,BTCUSDT,96118.12,0.021055475357921096,,0.009593684280920046
2025-02-17 00:00:00+00:00,BTCUSDT,95780.0,0.021208074569868184,0.004419565690904713,0.009299148846677383
2025-02-18 00:00:00+00:00,BTCUSDT,95671.74,0.02125742113696463,0.008448765640053075,0.008288880891644501
2025-02-19 00:00:00+00:00,BTCUSDT,96644.37,0.020583106975776696,,0.008288880891644501
2025-02-20 00:00:00+00:00,BTCUSDT,98305.0,0.020915854235822567,0.01333718076034128,0.00919556662007074
2025-02-21 00:00:00+00:00,BTCUSDT,96181.98,0.021565832043825395,0.0039449349214059045,0.009619641909061916
2025-02-22 00:00:00+00:00,BTCUSDT,96551.01,0.02338766805749764,0.0028749366165906278,0.009946280434729601
2025-02-23 00:00:00+00:00,BTCUSDT,96258.0,0.0251980511652363,0.0010001949293119276,0.010816025843707212
2025-02-24 00:00:00+00:00,BTCUSDT,91552.88,0.019928443174455447,,0.007610322038472369
2025-02-25 00:00:00+00:00,BTCUSDT,88680.4,,,0.007610322038472369
2025-02-26 00:00:00+00:00,BTCUSDT,84250.09,,0.03513689060633346,0.00782340169841934
2025-02-27 00:00:00+00:00,BTCUSDT,84708.58,,,0.006805671684124137
2025-02-28 00:00:00+00:00,BTCUSDT,84349.94,,,0.006805671684124137
2025-03-01 00:00:00+00:00,BTCUSDT,86064.53,,,0.006542479814682024
2025-03-02 00:00:00+00:00,BTCUSDT,94270.0,,0.09888902637105487,0.011202273501857643
2025-03-03 00:00:00+00:00,BTCUSDT,86220.61,0.030416898874070196,,0.010512181271495566
2025-03-04 00:00:00+00:00,BTCUSDT,87281.98,0.034507840583999035,,0.00999803595051182
2025-03-05 00:00:00+00:00,BTCUSDT,90606.01,0.03139267614757319,0.009312883424207594,0.009379852935157907
2025-03-06 00:00:00+00:00,BTCUSDT,89931.89,0.031138755664338873,0.0034181854237815713,0.009211217268120441
2025-03-07 00:00:00+00:00,BTCUSDT,86801.75,0.030323614917798676,0.006006429227624104,0.009158229205211473
2025-03-08 00:00:00+00:00,BTCUSDT,86222.45,0.030511839503583885,,0.009956158370087089
2025-03-09 00:00:00+00:00,BTCUSDT,80734.37,0.030154253223449237,0.007847156645712608,0.009907105650272367
2025-03-10 00:00:00+00:00,BTCUSDT,78595.86,0.026264494784155008,0.0644918265764454,0.012003490534922834
2025-03-11 00:00:00+00:00,BTCUSDT,82932.99,0.030325730737395768,0.0027587466527735937,0.013224975593599178
2025-03-12 00:00:00+00:00,BTCUSDT,83680.12,0.027348484546506863,0.03792251907910881,0.014753813339672557
2025-03-13 00:00:00+00:00,BTCUSDT,81115.78,0.030097690223534996,0.026756693468954554,0.015453094929285224
2025-03-14 00:00:00+00:00,BTCUSDT,83983.2,0.03212982833107132,0.0034841785330955756,0.015029019640294046
2025-03-15 00:00:00+00:00,BTCUSDT,84338.44,0.03021091558105593,0.004951083521754888,0.015148508547618575
2025-03-16 00:00:00+00:00,BTCUSDT,82574.53,0.030838589301958454,0.021746383861897728,0.015415372428514859
2025-03-17 00:00:00+00:00,BTCUSDT,84010.03,0.031343508276388446,0.0019825360008952344,0.016294282870050626
2025-03-18 00:00:00+00:00,BTCUSDT,82715.03,0.035874009042251236,,0.016294282870050626
2025-03-19 00:00:00+00:00,BTCUSDT,86845.94,0.041084724501550145,0.026677588245320794,0.017047315178915695
2025-03-20 00:00:00+00:00,BTCUSDT,84223.39,0.04415496835027816,,0.017047315178915695
2025-03-21 00:00:00+00:00,BTCUSDT,84088.79,0.04401223803146867,0.006689956684635532,0.017075821444717757
2025-03-22 00:00:00+00:00,BTCUSDT,83840.59,0.043813916079123535,,0.01766306761711975
2025-03-23 00:00:00+00:00,BTCUSDT,86082.5,0.0482042384408678,,0.013003273929944133
2025-03-24 00:00:00+00:00,BTCUSDT,87498.16,0.024012251349081186,0.0190560208809159,0.013191570413311895
2025-03-25 00:00:00+00:00,BTCUSDT,87392.87,0.01936546878249682,0.01677814113210565,0.013191570413311891
2025-03-26 00:00:00+00:00,BTCUSDT,86909.17,0.02155137984569163,0.017641970818434806,0.012355817023242645
2025-03-27 00:00:00+00:00,BTCUSDT,87232.01,0.020623997433167323,0.006001469737645317,0.013327836857397716
2025-03-28 00:00:00+00:00,BTCUSDT,84424.38,0.02232688716262314,,0.013327836857397716
2025-03-29 00:00:00+00:00,BTCUSDT,82648.54,0.020247707058608514,0.015057359721459445,0.012529907692522099
2025-03-30 00:00:00+00:00,BTCUSDT,82389.99,0.02157182943909309,0.018989950172727445,0.012737558008606209
2025-03-31 00:00:00+00:00,BTCUSDT,82550.01,0.028936776877848843,,0.010949646211413842
2025-04-01 00:00:00+00:00,BTCUSDT,85158.34,0.0232327388322202,0.022015367833318186,0.009728161152737495
2025-04-02 00:00:00+00:00,BTCUSDT,82516.29,0.028570620641804562,,0.008732728816721165
2025-04-03 00:00:00+00:00,BTCUSDT,83213.09,0.02852340554955886,0.01841422807871289,0.007302048038623963
2025-04-04 00:00:00+00:00,BTCUSDT,83889.87,0.02422503138046669,0.015462115628205191,0.008030739585009656
2025-04-05 00:00:00+00:00,BTCUSDT,83537.99,0.024967173953415453,,0.008539731058427143
2025-04-06 00:00:00+00:00,BTCUSDT,78430.0,0.023601907180413863,0.004989606176350108,0.007403121768553244
2025-04-07 00:00:00+00:00,BTCUSDT,79163.24,0.0250217089311844,0.04383512287910322,0.007656887394932055
2025-04-08 00:00:00+00:00,BTCUSDT,76322.42,0.025630657405532588,0.034734760835462244,0.010623680829219308
2025-04-09 00:00:00+00:00,BTCUSDT,82615.22,0.03282265480519665,0.028625912680241956,0.011976134018248555
2025-04-10 00:00:00+00:00,BTCUSDT,79607.3,0.036806078830271934,0.030216152255773187,0.013623058462833713
2025-04-11 00:00:00+00:00,BTCUSDT,83423.84,0.04110112864399358,,0.01359455219703165
2025-04-12 00:00:00+00:00,BTCUSDT,85276.9,0.03845703031310531,0.030330622911037913,0.013934075704724122
2025-04-13 00:00:00+00:00,BTCUSDT,83760.0,0.03923090138944071,0.018849493017321278,0.014927430768926516
2025-04-14 00:00:00+00:00,BTCUSDT,84591.58,0.040912584504441844,0.019833754656362283,0.01502021469909821
2025-04-15 00:00:00+00:00,BTCUSDT,83643.99,0.041200440330177286,0.010584897093170459,0.016099456572547913
2025-04-16 00:00:00+00:00,BTCUSDT,84030.38,0.04134193731109547,0.01601789726864119,0.016539841645602398
2025-04-17 00:00:00+00:00,BTCUSDT,84947.91,0.04110323865551632,0.005340039675947633,0.015886726956395383
2025-04-18 00:00:00+00:00,BTCUSDT,84474.69,0.04084956027028171,0.005107008886707089,0.016295107856112642
2025-04-19 00:00:00+00:00,BTCUSDT,85077.01,0.042614997329456714,0.004846190640621052,0.016475651920190924
2025-04-20 00:00:00+00:00,BTCUSDT,85179.24,0.042856408067748694,,0.016268001604106814
2025-04-21 00:00:00+00:00,BTCUSDT,87516.23,0.04287535859814871,,0.015959528516648714
2025-04-22 00:00:00+00:00,BTCUSDT,93442.99,0.039099608392504204,,0.01662244699683713
2025-04-23 00:00:00+00:00,BTCUSDT,93691.08,0.03685905874431103,0.015251510605693963,0.01667838297325497
2025-04-24 00:00:00+00:00,BTCUSDT,93980.47,0.03659014890202453,,0.01650309643331327
2025-04-25 00:00:00+00:00,BTCUSDT,94638.68,0.03661539318836213,0.007377828388024062,0.01596662677195408
2025-04-26 00:00:00+00:00,BTCUSDT,94628.0,0.03657108992474703,0.01132647599245712,0.015130555761911236
2025-04-27 00:00:00+00:00,BTCUSDT,93749.3,0.03819634906068321,0.012898054446582447,0.015715180781303205
2025-04-28 00:00:00+00:00,BTCUSDT,95011.18,0.0382720285221552,0.01223597578354297,0.015163026419080853
2025-04-29 00:00:00+00:00,BTCUSDT,94256.82,0.03840277700805339,0.00852138317483461,0.012196232984793599
2025-04-30 00:00:00+00:00,BTCUSDT,94172.0,0.028118244380607716,,0.009004263030810112
2025-05-01 00:00:00+00:00,BTCUSDT,96489.91,0.013564244317770731,,0.007357338586224954
2025-05-02 00:00:00+00:00,BTCUSDT,96887.14,,,0.007357338586224954
2025-05-03 00:00:00+00:00,BTCUSDT,95856.42,,,0.006430568906130489
2025-05-04 00:00:00+00:00,BTCUSDT,94277.62,,,0.005705618417730353
2025-05-05 00:00:00+00:00,BTCUSDT,94733.68,,0.009800060514365298,0.005424538004190895
2025-05-06 00:00:00+00:00,BTCUSDT,96834.02,,,0.00471126330714746
2025-05-07 00:00:00+00:00,BTCUSDT,97030.5,,,0.004270878234092977
2025-05-08 00:00:00+00:00,BTCUSDT,103261.6,,0.0014317529965150056,0.003951973089144921
2025-05-09 00:00:00+00:00,BTCUSDT,102971.99,,0.0072314966807729185,0.004076236374177107
2025-05-10 00:00:00+00:00,BTCUSDT,104809.53,,0.012560957481205351,0.00460077964838976
2025-05-11 00:00:00+00:00,BTCUSDT,104118.0,0.005330953989518897,0.005819258296844767,0.00460077964838976
2025-05-12 00:00:00+00:00,BTCUSDT,102791.32,,0.026019092860006893,0.004989604311596595
2025-05-13 00:00:00+00:00,BTCUSDT,104103.72,0.013110826519811845,0.009552053691876264,0.005023091255283903
2025-05-14 00:00:00+00:00,BTCUSDT,103507.82,0.012577965712001994,0.007866245504433433,0.00457468184393399
2025-05-15 00:00:00+00:00,BTCUSDT,103763.71,0.012414830304760897,,0.00457468184393399
2025-05-16 00:00:00+00:00,BTCUSDT,103463.9,0.012246241151341923,,0.004382459958907484
2025-05-17 00:00:00+00:00,BTCUSDT,103126.65,0.011698885452337377,,0.004484053077874105
2025-05-18 00:00:00+00:00,BTCUSDT,106454.26,0.013743492612324569,0.025601831446537424,0.005478593106388375
2025-05-19 00:00:00+00:00,BTCUSDT,105573.74,0.01549790738033659,0.015255786860824959,0.004898071400696156
2025-05-20 00:00:00+00:00,BTCUSDT,106849.99,0.015399175579000522,,0.004898071400696156
2025-05-21 00:00:00+00:00,BTCUSDT,109643.99,0.015241740462349484,,0.004898071400696156
2025-05-22 00:00:00+00:00,BTCUSDT,111696.21,0.012748962603105686,0.011933050674741243,0.006318554267434235
2025-05-23 00:00:00+00:00,BTCUSDT,107318.3,0.01616508891074803,0.01462994423099842,0.007464147650872273
2025-05-24 00:00:00+00:00,BTCUSDT,107761.91,0.016031329557312936,0.019288231945936127,0.007707022796625794
2025-05-25 00:00:00+00:00,BTCUSDT,109004.19,0.018190480173781824,,0.007438618220823536
2025-05-26 00:00:00+00:00,BTCUSDT,109434.79,0.01853124155816546,0.009836053022724497,0.007438618220823536
2025-05-27 00:00:00+00:00,BTCUSDT,108938.17,0.018181516219066014,0.0027599425254665176,0.007072651044417266
2025-05-28 00:00:00+00:00,BTCUSDT,107781.78,0.016905751346339842,0.009000462313940048,0.007072651044417266
2025-05-29 00:00:00+00:00,BTCUSDT,105589.75,0.013100333413116517,,0.007072651044417266
2025-05-30 00:00:00+00:00,BTCUSDT,103985.48,0.007314908427646317,0.0002887228084306113,0.00654000685966782
2025-05-31 00:00:00+00:00,BTCUSDT,104591.88,0.0076878692435732405,,0.005834919521376886
2025-06-01 00:00:00+00:00,BTCUSDT,105642.93,0.004895248008270937,0.019132127911284748,0.006599697256484906
2025-06-02 00:00:00+00:00,BTCUSDT,105857.99,0.006421353829469805,,0.006368866210512497
2025-06-03 00:00:00+00:00,BTCUSDT,105376.89,0.0031432401382772866,0.0007376936910232606,0.005672460786636774
2025-06-04 00:00:00+00:00,BTCUSDT,104696.86,,0.004525315345007636,0.005531528811511798
2025-06-05 00:00:00+00:00,BTCUSDT,101508.68,,0.033548607398416246,0.007056951557482079
2025-06-06 00:00:00+00:00,BTCUSDT,104288.44,0.010350811723344877,,0.007056951557482079
2025-06-07 00:00:00+00:00,BTCUSDT,105552.15,0.00688238346904861,,0.006836310542148603
2025-06-08 00:00:00+00:00,BTCUSDT,105734.0,0.004384392063817671,,0.0052571454942423644
2025-06-09 00:00:00+00:00,BTCUSDT,110263.02,,0.008625626468392177,0.006529828905488488
2025-06-10 00:00:00+00:00,BTCUSDT,110274.39,,0.017171042822325573,0.00738062660943708
2025-06-11 00:00:00+00:00,BTCUSDT,108645.12,,,0.00738062660943708
2025-06-12 00:00:00+00:00,BTCUSDT,105671.73,0.0036064208899720253,,0.005960143742699002
2025-06-13 00:00:00+00:00,BTCUSDT,106066.59,,0.009864804193576457,0.005851975994966015
2025-06-14 00:00:00+00:00,BTCUSDT,105414.64,,0.013605829517077377,0.00572059899643811
2025-06-15 00:00:00+00:00,BTCUSDT,105594.01,,,0.00572059899643811
2025-06-16 00:00:00+00:00,BTCUSDT,106794.53,,0.00783152953834271,0.00572059899643811
2025-06-17 00:00:00+00:00,BTCUSDT,104551.17,,0.010584977616610826,0.00572059899643811
2025-06-18 00:00:00+00:00,BTCUSDT,104886.78,,0.00867047268914477,0.006027756260489499
2025-06-19 00:00:00+00:00,BTCUSDT,104658.59,,0.004531815121918679,0.006157443767881621
2025-06-20 00:00:00+00:00,BTCUSDT,103297.99,0.006300630485290116,,0.006157443767881621
2025-06-21 00:00:00+00:00,BTCUSDT,102120.01,,0.006820222139679881,0.006157443767881621
2025-06-22 00:00:00+00:00,BTCUSDT,100963.87,,0.010084376946929282,0.005392666032773601
2025-06-23 00:00:00+00:00,BTCUSDT,105333.93,0.008917798290854085,,0.005234672415539175
2025-06-24 00:00:00+00:00,BTCUSDT,106083.0,0.0038942091909373736,,0.005234672415539175
2025-06-25 00:00:00+00:00,BTCUSDT,107340.58,0.0025025366548894253,0.009498531592513427,0.005234672415539175
2025-06-26 00:00:00+00:00,BTCUSDT,106947.06,0.008109951911413874,0.006336203881447972,0.00389831271071482
2025-06-27 00:00:00+00:00,BTCUSDT,107047.59,,0.004468161923970502,0.003898312710714819
2025-06-28 00:00:00+00:00,BTCUSDT,107296.79,,,0.003898312710714819
2025-06-29 00:00:00+00:00,BTCUSDT,108356.93,,0.009099336469271689,0.004385139157545101
2025-06-30 00:00:00+00:00,BTCUSDT,107146.5,,,0.0031124557462989763
2025-07-01 00:00:00+00:00,BTCUSDT,105681.14,,0.012243038002268196,0.0032474191027110884
2025-07-02 00:00:00+00:00,BTCUSDT,108849.6,0.00615910871503444,,0.0032474191027110884
2025-07-03 00:00:00+00:00,BTCUSDT,109584.78,0.009065718888147589,,0.003468992134585322
2025-07-04 00:00:00+00:00,BTCUSDT,107984.24,0.009319322007048313,0.001927733990727054,0.002635024245777116
2025-07-05 00:00:00+00:00,BTCUSDT,108198.12,0.009290627467807165,0.001554334472862622,0.0025235260985514993
2025-07-06 00:00:00+00:00,BTCUSDT,109203.84,0.00918988014477983,0.015748360191594347,0.002982852509987554
2025-07-07 00:00:00+00:00,BTCUSDT,108262.94,0.010016920168039001,0.01235332165138691,0.0031042717523550793
2025-07-08 00:00:00+00:00,BTCUSDT,108922.98,0.00798826093268311,,0.0031042717523550793
2025-07-09 00:00:00+00:00,BTCUSDT,111233.99,0.006502068758817938,,0.0027971144883036894
2025-07-10 00:00:00+00:00,BTCUSDT,116010.0,,,0.0026674269809115686
2025-07-11 00:00:00+00:00,BTCUSDT,117527.66,,0.00459612577504853,0.0026674269809115686
2025-07-12 00:00:00+00:00,BTCUSDT,117420.0,,0.00046689342852979543,0.0029470384351918404
2025-07-13 00:00:00+00:00,BTCUSDT,119086.64,0.0042954575972708065,,0.0029470384351918404
2025-07-14 00:00:00+00:00,BTCUSDT,119841.18,,,0.0029470384351918404
2025-07-15 00:00:00+00:00,BTCUSDT,117758.09,,0.017547117724460288,0.003123796156775789
2025-07-16 00:00:00+00:00,BTCUSDT,118630.43,,0.014114634710706665,0.003123796156775789
2025-07-17 00:00:00+00:00,BTCUSDT,119177.56,,0.023568895003554628,0.002934733115629863
2025-07-18 00:00:00+00:00,BTCUSDT,117924.84,,0.0037613962119733835,0.002934733115629863
2025-07-19 00:00:00+00:00,BTCUSDT,117840.0,,0.006021871143186433,0.002934733115629863
2025-07-20 00:00:00+00:00,BTCUSDT,117265.12,,0.01550027734427443,0.002906479088877771
2025-07-21 00:00:00+00:00,BTCUSDT,117380.36,,0.021956527947233056,0.003509882450408552
2025-07-22 00:00:00+00:00,BTCUSDT,119954.42,,0.017333613043117764,0.003725649957461426
2025-07-23 00:00:00+00:00,BTCUSDT,118755.99,,0.0134445575604877,0.003872228874655801
2025-07-24 00:00:00+00:00,BTCUSDT,118340.99,,,0.003935453681379119
2025-07-25 00:00:00+00:00,BTCUSDT,117614.31,,0.0035757010981836497,0.003731995934482276
2025-07-26 00:00:00+00:00,BTCUSDT,117919.99,,,0.003731995934482276
2025-07-27 00:00:00+00:00,BTCUSDT,119415.55,,0.014065042788792805,0.003840325611806911
2025-07-28 00:00:00+00:00,BTCUSDT,118062.32,,0.009607304149142185,0.003843762020778
2025-07-29 00:00:00+00:00,BTCUSDT,117950.76,,0.006395897770565894,0.003843762020778
2025-07-30 00:00:00+00:00,BTCUSDT,117840.3,,0.023162225634916225,0.0043275811559832225
2025-07-31 00:00:00+00:00,BTCUSDT,115764.08,,,0.0043275811559832225
2025-08-01 00:00:00+00:00,BTCUSDT,113297.93,0.0029540433563382965,,0.0043275811559832225
2025-08-02 00:00:00+00:00,BTCUSDT,112546.35,,0.014155112630861198,0.004573520432064864
2025-08-03 00:00:00+00:00,BTCUSDT,114208.8,0.003280251063878313,,0.004573520432064864
2025-08-04 00:00:00+00:00,BTCUSDT,115055.03,0.0025026343355580684,,0.0049147488448277625
2025-08-05 00:00:00+00:00,BTCUSDT,114129.75,,0.007527843815331633,0.004737991123243813
2025-08-06 00:00:00+00:00,BTCUSDT,114992.27,,,0.004737991123243813
2025-08-07 00:00:00+00:00,BTCUSDT,117472.01,,0.008626401090716622,0.005597558549194627
2025-08-08 00:00:00+00:00,BTCUSDT,116674.74,,0.00695916792582473,0.005747656506157337
2025-08-09 00:00:00+00:00,BTCUSDT,116462.25,,0.005782324945851451,0.006532318910697196
2025-08-10 00:00:00+00:00,BTCUSDT,119294.01,,,0.006073746490619007
2025-08-11 00:00:00+00:00,BTCUSDT,118686.0,,0.010076939131406901,0.006209430281724881
2025-08-12 00:00:00+00:00,BTCUSDT,120134.08,0.0029965068480934582,,0.005007901714311304
2025-08-13 00:00:00+00:00,BTCUSDT,123306.43,,0.02794339017582488,0.006631999373489554
2025-08-14 00:00:00+00:00,BTCUSDT,118295.09,0.01118996914681861,0.00037113223995604205,0.006347201534892002
2025-08-15 00:00:00+00:00,BTCUSDT,117342.05,0.007908958491262328,0.0023793326199281883,0.006625999585280625
2025-08-16 00:00:00+00:00,BTCUSDT,117380.66,0.007744606186146855,0.003337363325461799,0.0068385746130209205
2025-08-17 00:00:00+00:00,BTCUSDT,117405.01,0.008194388973983842,,0.006270918524260231
2025-08-18 00:00:00+00:00,BTCUSDT,116227.05,0.00637429182780691,0.002585376595424601,0.006530448000987025
2025-08-19 00:00:00+00:00,BTCUSDT,112872.94,,0.004957865489320464,0.00742595962813875
2025-08-20 00:00:00+00:00,BTCUSDT,114271.24,0.008146706961736902,0.016614956991081564,0.007627271232690662
2025-08-21 00:00:00+00:00,BTCUSDT,112500.0,0.010181129478114843,0.01393217860883917,0.008767914356285263
2025-08-22 00:00:00+00:00,BTCUSDT,116935.99,0.016853884074650216,0.010496794646933623,0.0101342293242024
2025-08-23 00:00:00+00:00,BTCUSDT,115438.05,0.020704683055243395,,0.009608678593840484
2025-08-24 00:00:00+00:00,BTCUSDT,113493.59,0.018873464411952607,0.005484309766866018,0.010319983244419403
2025-08-25 00:00:00+00:00,BTCUSDT,110111.98,0.016710226734659137,0.016300219333061035,0.010601953179574408
2025-08-26 00:00:00+00:00,BTCUSDT,111763.22,0.01906551287128144,0.008417660359124637,0.011113307255599982
2025-08-27 00:00:00+00:00,BTCUSDT,111262.01,0.01904030427217731,0.007252087323310506,0.0114919023095994
2025-08-28 00:00:00+00:00,BTCUSDT,112566.9,0.020296694579983763,,0.011492242448219118
2025-08-29 00:00:00+00:00,BTCUSDT,108377.4,0.022088802571541808,0.0027692895164887817,0.011342144491256407
2025-08-30 00:00:00+00:00,BTCUSDT,108816.33,0.02321207108463645,,0.010702393139446756
2025-08-31 00:00:00+00:00,BTCUSDT,108246.35,0.023439868915696625,0.007703704058017041,0.011069136482334284
2025-09-01 00:00:00+00:00,BTCUSDT,109237.42,0.023417518374370738,,0.01033004932969763
2025-09-02 00:00:00+00:00,BTCUSDT,111240.01,0.02206498523258312,,0.01033004932969763
2025-09-03 00:00:00+00:00,BTCUSDT,111705.71,0.023377554120912386,0.0056773727617247804,0.00889274610413847
2025-09-04 00:00:00+00:00,BTCUSDT,110730.87,0.018092899042364233,0.004650534904051683,0.008998861162444811
2025-09-05 00:00:00+00:00,BTCUSDT,110659.99,0.019185192981994444,0.0008471747424415753,0.008720063112056189
2025-09-06 00:00:00+00:00,BTCUSDT,110187.97,0.01911552407765637,0.007045372352261362,0.008992518410899479
2025-09-07 00:00:00+00:00,BTCUSDT,111137.34,0.019247911852068776,,0.008992518410899479
2025-09-08 00:00:00+00:00,BTCUSDT,112065.23,0.018488119813333193,0.01613570110302794,0.008703722906338874
2025-09-09 00:00:00+00:00,BTCUSDT,111546.39,0.019840300982800204,0.014825551870419808,0.008411791522328778
2025-09-10 00:00:00+00:00,BTCUSDT,113960.0,0.01837389503969613,,0.007726660782571644
2025-09-11 00:00:00+00:00,BTCUSDT,115482.69,0.015534425248359822,,0.006586017658977042
2025-09-12 00:00:00+00:00,BTCUSDT,116029.42,0.010329145856253271,0.0068533757250611605,0.005485965319271325
2025-09-13 00:00:00+00:00,BTCUSDT,115918.29,0.0030834177700072257,0.008113950086339413,0.005680043807757565
2025-09-14 00:00:00+00:00,BTCUSDT,115268.01,0.007290658549073789,0.004462078401928163,0.005246191586939138
2025-09-15 00:00:00+00:00,BTCUSDT,115349.71,0.01276611796591583,0.014069130936418912,0.004892217526411274
2025-09-16 00:00:00+00:00,BTCUSDT,116788.96,0.009152594320781852,0.01735018151664197,0.005088593224737994
2025-09-17 00:00:00+00:00,BTCUSDT,116447.59,0.00879005500537896,,0.004709998170738575
2025-09-18 00:00:00+00:00,BTCUSDT,117073.53,0.008238292675717586,0.003550509884111235,0.004057037962295812
2025-09-19 00:00:00+00:00,BTCUSDT,115632.38,,0.00220844948151229,0.004296524260354036
2025-09-20 00:00:00+00:00,BTCUSDT,115685.63,,0.0003891087210983057,0.004151613207623828
2025-09-21 00:00:00+00:00,BTCUSDT,115232.29,,,0.0037848698647362992
2025-09-22 00:00:00+00:00,BTCUSDT,112650.99,,0.0021951311824530283,0.0037848698647362992
2025-09-23 00:00:00+00:00,BTCUSDT,111998.8,,0.011406475851830402,0.0041447462783296175
2025-09-24 00:00:00+00:00,BTCUSDT,113307.0,,0.007762104087534065,0.004967737343260355
2025-09-25 00:00:00+00:00,BTCUSDT,108994.49,0.005570623385863349,0.006031741933311667,0.005707341900071226
2025-09-26 00:00:00+00:00,BTCUSDT,109643.46,0.009041983834735952,0.0029191006464232574,0.005891298861320239
2025-09-27 00:00:00+00:00,BTCUSDT,109635.85,0.009024392677033144,,0.005406268534736652
2025-09-28 00:00:00+00:00,BTCUSDT,112163.95,0.008575566029196097,,0.005406268534736652
2025-09-29 00:00:00+00:00,BTCUSDT,114311.96,0.0018691376813287466,0.006810655867136479,0.006056566607698673
2025-09-30 00:00:00+00:00,BTCUSDT,114048.93,0.0026406322357232243,,0.005452986364557043
2025-10-01 00:00:00+00:00,BTCUSDT,118594.99,0.003056602435384414,,0.0054529863645570425
2025-10-02 00:00:00+00:00,BTCUSDT,120529.35,,,0.0054529863645570425
2025-10-03 00:00:00+00:00,BTCUSDT,122232.0,,0.0034569033728631985,0.005367594496540458
2025-10-04 00:00:00+00:00,BTCUSDT,122391.0,,,0.005173516008054218
2025-10-05 00:00:00+00:00,BTCUSDT,123482.31,,0.013105491913714956,0.005434775537293054
2025-10-06 00:00:00+00:00,BTCUSDT,124658.54,,,0.00533425988543855
2025-10-07 00:00:00+00:00,BTCUSDT,121332.95,,0.019184159396071224,0.005710372920227362
2025-10-08 00:00:00+00:00,BTCUSDT,123306.0,0.00536760051492091,0.012217366983235561,0.006526440311975256
2025-10-09 00:00:00+00:00,BTCUSDT,121662.4,0.008313588966658627,,0.00631949295584749
2025-10-10 00:00:00+00:00,BTCUSDT,112774.5,,0.00742878873277878,0.0070511424083814275
2025-10-11 00:00:00+00:00,BTCUSDT,110644.4,,0.02289782971939085,0.008115509503305205
2025-10-12 00:00:00+00:00,BTCUSDT,114958.8,,0.004829545599523205,0.008647354146580882
2025-10-13 00:00:00+00:00,BTCUSDT,115166.0,,,0.009470600058608055
2025-10-14 00:00:00+00:00,BTCUSDT,113028.14,,0.02137160958364599,0.009702189669929636
2025-10-15 00:00:00+00:00,BTCUSDT,110763.28,,,0.008545825254185433
2025-10-16 00:00:00+00:00,BTCUSDT,108194.28,,,0.00770010563906822
2025-10-17 00:00:00+00:00,BTCUSDT,106431.68,,0.0026954327861636006,0.007516148677819207
2025-10-18 00:00:00+00:00,BTCUSDT,107185.01,,0.00457035385540901,0.007516148677819207
2025-10-19 00:00:00+00:00,BTCUSDT,108642.78,,,0.007516148677819207
2025-10-20 00:00:00+00:00,BTCUSDT,110532.09,,0.02710151931315439,0.006770260981352384
2025-10-21 00:00:00+00:00,BTCUSDT,108297.67,,,0.006770260981352384
2025-10-22 00:00:00+00:00,BTCUSDT,107567.44,,,0.007462561558355081
2025-10-23 00:00:00+00:00,BTCUSDT,110078.18,,,0.007462561558355081
2025-10-24 00:00:00+00:00,BTCUSDT,111004.89,,0.006807585500404268,0.0072816907981602475
2025-10-25 00:00:00+00:00,BTCUSDT,111646.27,,,0.0072816907981602475
2025-10-26 00:00:00+00:00,BTCUSDT,114559.4,,,0.006742978839160923
2025-10-27 00:00:00+00:00,BTCUSDT,114107.65,,0.009613449721779214,0.006704380036501846
2025-10-28 00:00:00+00:00,BTCUSDT,112898.45,,,0.00562053722736074
2025-10-29 00:00:00+00:00,BTCUSDT,110021.29,,,0.004804469835612844
2025-10-30 00:00:00+00:00,BTCUSDT,108322.88,,0.016398734135244963,0.005602062501684089
2025-10-31 00:00:00+00:00,BTCUSDT,109608.01,,0.004949177124364343,0.004809945060629626
2025-11-01 00:00:00+00:00,BTCUSDT,110098.1,,0.00601988297792414,0.0037455779657058507
2025-11-02 00:00:00+00:00,BTCUSDT,110540.68,,,0.0038065296722438434
2025-11-03 00:00:00+00:00,BTCUSDT,106583.04,,,0.0029832837602166706
2025-11-04 00:00:00+00:00,BTCUSDT,101497.22,,0.04043002550929082,0.002929969076217408
2025-11-05 00:00:00+00:00,BTCUSDT,103885.16,,0.02891043136593456,0.004683597161002831
2025-11-06 00:00:00+00:00,BTCUSDT,101346.04,,0.02994792483168471,0.005169692817582701
2025-11-07 00:00:00+00:00,BTCUSDT,103339.08,,0.008875847477273656,0.006321878826951598
2025-11-08 00:00:00+00:00,BTCUSDT,102312.94,,0.010497844882406553,0.00665054540693711
2025-11-09 00:00:00+00:00,BTCUSDT,104722.96,0.007862795206943968,,0.00665054540693711
2025-11-10 00:00:00+00:00,BTCUSDT,106011.13,0.007057628575390501,0.012446164699160414,0.007337135918480996
2025-11-11 00:00:00+00:00,BTCUSDT,103058.99,0.007318031802867799,0.001686518887731624,0.007337135918480996
2025-11-12 00:00:00+00:00,BTCUSDT,101654.37,0.0032636036856073724,0.005678985826004162,0.006644835341478298
2025-11-13 00:00:00+00:00,BTCUSDT,99692.02,,,0.006644835341478298
2025-11-14 00:00:00+00:00,BTCUSDT,94594.0,,0.011009648610521384,0.00823366367697174
2025-11-15 00:00:00+00:00,BTCUSDT,95596.24,0.009489493165133476,0.011265814873540217,0.00823366367697174
2025-11-16 00:00:00+00:00,BTCUSDT,94261.44,0.014183254175687908,0.015740170212520634,0.00823366367697174
2025-11-17 00:00:00+00:00,BTCUSDT,92215.14,0.015048952262379126,,0.008103553844095283
2025-11-18 00:00:00+00:00,BTCUSDT,92960.83,0.016395152125151823,0.029319096219156255,0.009945150849127818
2025-11-19 00:00:00+00:00,BTCUSDT,91554.96,0.017151090574940346,0.03271627250568951,0.01125857357039191
2025-11-20 00:00:00+00:00,BTCUSDT,86637.23,0.016034211208030027,,0.010460980904320667
2025-11-21 00:00:00+00:00,BTCUSDT,85129.43,0.013165892597337192,0.009033503000066284,0.01119750422648152
2025-11-22 00:00:00+00:00,BTCUSDT,84739.74,0.016130225467598548,,0.01119750422648152
2025-11-23 00:00:00+00:00,BTCUSDT,86830.0,0.01606036085333613,0.019415165284871364,0.010604707876667849
2025-11-24 00:00:00+00:00,BTCUSDT,88300.01,,0.018598355869721573,0.011722767300755308
2025-11-25 00:00:00+00:00,BTCUSDT,87369.96,0.014339374914213672,0.012002718656553581,0.011184615959839671
2025-11-26 00:00:00+00:00,BTCUSDT,90484.02,,,0.00943098787505425
2025-11-27 00:00:00+00:00,BTCUSDT,91333.95,,0.0120673651672524,0.008944892218474379
2025-11-28 00:00:00+00:00,BTCUSDT,90890.7,,0.003906430277365757,0.007792706209105483
2025-11-29 00:00:00+00:00,BTCUSDT,90802.44,,0.002712042289535431,0.007464039629119971
2025-11-30 00:00:00+00:00,BTCUSDT,90360.0,,,0.007464039629119971
2025-12-01 00:00:00+00:00,BTCUSDT,86286.01,,0.0139600313355184,0.00841316968093021
2025-12-02 00:00:00+00:00,BTCUSDT,91277.88,0.01133243860232763,,0.00841316968093021
2025-12-03 00:00:00+00:00,BTCUSDT,93429.95,,0.03207924534263735,0.009350746179388032
2025-12-04 00:00:00+00:00,BTCUSDT,92078.06,,,0.009350746179388032
2025-12-05 00:00:00+00:00,BTCUSDT,89330.04,,0.005475516494081194,0.008314048618764423
2025-12-06 00:00:00+00:00,BTCUSDT,89236.79,,0.0061999587085707015,0.008756418928635493
2025-12-07 00:00:00+00:00,BTCUSDT,90395.31,,0.007308373555011191,0.008756418928635493
2025-12-08 00:00:00+00:00,BTCUSDT,90634.34,,0.01771150265370782,0.00943421226610303
2025-12-09 00:00:00+00:00,BTCUSDT,92678.8,,0.019920352316029767,0.007592615261070494
2025-12-10 00:00:00+00:00,BTCUSDT,92015.37,,,0.006279192539806403
2025-12-11 00:00:00+00:00,BTCUSDT,92513.38,,0.0293697496515484,0.007588597494954425
2025-12-12 00:00:00+00:00,BTCUSDT,90268.42,0.015746245779225936,0.003057883399134917,0.006673055863255872
2025-12-13 00:00:00+00:00,BTCUSDT,90240.01,0.01615491530995153,,0.006909391614121003
2025-12-14 00:00:00+00:00,BTCUSDT,88172.17,0.014534177093431605,0.00991199941554819,0.006909391614121003
2025-12-15 00:00:00+00:00,BTCUSDT,86432.08,0.013723522691286787,0.02240951497642649,0.00640585061926578
2025-12-16 00:00:00+00:00,BTCUSDT,87863.42,0.014840346301467282,0.020544275178774177,0.006691713675914736
2025-12-17 00:00:00+00:00,BTCUSDT,86243.22,0.014345053551458497,0.03346509809856869,0.00782541849592915
2025-12-18 00:00:00+00:00,BTCUSDT,85516.41,0.016505312510080947,0.043642242420551536,0.009540924300005985
2025-12-19 00:00:00+00:00,BTCUSDT,88136.94,0.017424541611491016,0.0018922646183304325,0.009540924300005985
2025-12-20 00:00:00+00:00,BTCUSDT,88360.9,0.016671596314814737,0.005251145513438756,0.009609952063705149
2025-12-21 00:00:00+00:00,BTCUSDT,88658.86,0.016556863758046575,0.0022609864187063122,0.009609952063705149
2025-12-22 00:00:00+00:00,BTCUSDT,88620.79,0.017598885557551885,,0.007974231500351023
2025-12-23 00:00:00+00:00,BTCUSDT,87486.0,,0.009165538861623254,0.007974231500351023
2025-12-24 00:00:00+00:00,BTCUSDT,87669.45,0.009367856845765896,0.004201904177716344,0.007036655001893201
2025-12-25 00:00:00+00:00,BTCUSDT,87225.27,0.005390067962130839,0.012112989542453835,0.007780009292025532
2025-12-26 00:00:00+00:00,BTCUSDT,87369.56,0.00988344782803371,0.002501963770906666,0.007690525248267925
2025-12-27 00:00:00+00:00,BTCUSDT,87877.01,0.009690185472912848,0.003988056346352782,0.007436088796168517
2025-12-28 00:00:00+00:00,BTCUSDT,87952.71,0.009537752662623033,0.001634969927682579,0.007436088796168517
2025-12-29 00:00:00+00:00,BTCUSDT,87237.13,0.010254217810277194,0.02240543133475133,0.007938678608247733
2025-12-30 00:00:00+00:00,BTCUSDT,88485.49,0.012125364028966511,0.01802308258437189,0.008277745613733598
2025-12-31 00:00:00+00:00,BTCUSDT,87648.22,0.012107274286974567,0.011834876988162556,0.008903404945147417
2026-01-01 00:00:00+00:00,BTCUSDT,88839.04,0.012720716871742714,,0.0075939999899993955
2026-01-02 00:00:00+00:00,BTCUSDT,89995.13,0.009099665267894566,0.00983856684212859,0.0075939999899993955
2026-01-03 00:00:00+00:00,BTCUSDT,90628.01,0.008058228041617663,,0.007357664239134264
2026-01-04 00:00:00+00:00,BTCUSDT,91529.73,0.007359981337543175,,0.007357664239134264
2026-01-05 00:00:00+00:00,BTCUSDT,93859.71,0.011163521491083237,0.026994497342241942,0.00761791562221238
2026-01-06 00:00:00+00:00,BTCUSDT,93747.97,0.009310857497607397,0.017076214378119788,0.008544772831175964
2026-01-07 00:00:00+00:00,BTCUSDT,91364.16,0.002032042516798014,,0.007411068011161549
2026-01-08 00:00:00+00:00,BTCUSDT,91099.99,0.004455350230462961,0.015912406571623197,0.006078199230228081
2026-01-09 00:00:00+00:00,BTCUSDT,90641.28,,0.0010167384308797365,0.006078199230228081
2026-01-10 00:00:00+00:00,BTCUSDT,90504.7,,0.002242099852787242,0.006187211755473593
2026-01-11 00:00:00+00:00,BTCUSDT,91013.65,,0.005871824615058474,0.006187211755473593
2026-01-12 00:00:00+00:00,BTCUSDT,91296.2,,,0.006416750589073466
2026-01-13 00:00:00+00:00,BTCUSDT,95414.0,,,0.006416750589073466
2026-01-14 00:00:00+00:00,BTCUSDT,96951.78,,0.014566962582063015,0.007164492429429805
2026-01-15 00:00:00+00:00,BTCUSDT,95604.8,,,0.006421138139297474
2026-01-16 00:00:00+00:00,BTCUSDT,95550.94,,0.002946133627564234,0.006280819445938178
2026-01-17 00:00:00+00:00,BTCUSDT,95147.77,,,0.006092885588166515
2026-01-18 00:00:00+00:00,BTCUSDT,93673.14,,,0.006092885588166515
2026-01-19 00:00:00+00:00,BTCUSDT,92631.0,,,0.00491250243861976
2026-01-20 00:00:00+00:00,BTCUSDT,88427.66,,0.01011309964688047,0.005596123678288503
2026-01-21 00:00:00+00:00,BTCUSDT,89454.73,,0.012869749628114314,0.005087390707487849
2026-01-22 00:00:00+00:00,BTCUSDT,89559.67,,0.013988827523900127,0.005087390707487849
2026-01-23 00:00:00+00:00,BTCUSDT,89600.26,,0.0031628933795816087,0.005087390707487849
2026-01-24 00:00:00+00:00,BTCUSDT,89225.34,,,0.005087390707487849
2026-01-25 00:00:00+00:00,BTCUSDT,86670.36,,0.020978906510343055,0.006189802873232934
2026-01-26 00:00:00+00:00,BTCUSDT,88347.08,,0.005986500040530509,0.005315033060922581
2026-01-27 00:00:00+00:00,BTCUSDT,89250.0,,,0.0041023127953100395
2026-01-28 00:00:00+00:00,BTCUSDT,89299.99,,,0.0041023127953100395
2026-01-29 00:00:00+00:00,BTCUSDT,84650.16,,,0.0037196757721666748
2026-01-30 00:00:00+00:00,BTCUSDT,84260.49,,0.007348948324648793,0.006519597670936086
2026-01-31 00:00:00+00:00,BTCUSDT,78741.09,,0.024191227487910204,0.00634155738199141
2026-02-01 00:00:00+00:00,BTCUSDT,76968.21,,0.03779893660949514,0.00634155738199141
2026-02-02 00:00:00+00:00,BTCUSDT,78738.61,,0.0445981319282863,0.00883082551556853
2026-02-03 00:00:00+00:00,BTCUSDT,75770.21,0.009488356532279332,0.024405849820146024,0.00883082551556853
2026-02-04 00:00:00+00:00,BTCUSDT,73165.83,0.015980917216977374,,0.008083083675212191
2026-02-05 00:00:00+00:00,BTCUSDT,62909.86,,0.09851071330934708,0.01333210914804705
2026-02-06 00:00:00+00:00,BTCUSDT,70580.26,0.0567465013236148,0.02615585576608645,0.01626349922217707
2026-02-07 00:00:00+00:00,BTCUSDT,69289.38,0.05790426322014636,0.019444501885505328,0.016900712698058172
2026-02-08 00:00:00+00:00,BTCUSDT,70330.38,0.05806831287829987,0.02261648004944535,0.016900712698058172
2026-02-09 00:00:00+00:00,BTCUSDT,70138.0,0.05752083916144203,0.017789419732425323,0.017611499385196454
2026-02-10 00:00:00+00:00,BTCUSDT,68841.29,0.057500987668458174,,0.016588811140041848
2026-02-11 00:00:00+00:00,BTCUSDT,67082.52,0.05590644246979353,0.023697240711642295,0.016471884779428684
2026-02-12 00:00:00+00:00,BTCUSDT,66272.17,0.05660786098015756,0.018796364161137693,0.017624035494549564
2026-02-13 00:00:00+00:00,BTCUSDT,68853.96,0.05680988033869619,,0.017624035494549564
2026-02-14 00:00:00+00:00,BTCUSDT,69822.95,0.054588171341804236,0.017870883571714135,0.0179694738006421
2026-02-15 00:00:00+00:00,BTCUSDT,68832.58,0.05447245169315848,0.01486361007327135,0.016867061634897016
2026-02-16 00:00:00+00:00,BTCUSDT,68892.43,0.05353622750639532,0.01251260460046853,0.017474579171876996
2026-02-17 00:00:00+00:00,BTCUSDT,67503.52,0.05499361407719441,0.011590600328301852,0.017474579171876996
2026-02-18 00:00:00+00:00,BTCUSDT,66461.0,0.05555298415669583,0.009535628811198613,0.01759142401483344
2026-02-19 00:00:00+00:00,BTCUSDT,67003.73,0.05456656242076713,,0.01759142401483344
2026-02-20 00:00:00+00:00,BTCUSDT,68020.01,0.053116976980758415,,0.014791502116064033
2026-02-21 00:00:00+00:00,BTCUSDT,67975.93,0.052047574416740745,0.002218648386982892,0.014791502116064033
2026-02-22 00:00:00+00:00,BTCUSDT,67643.4,0.053832231322832685,,0.014791502116064033
2026-02-23 00:00:00+00:00,BTCUSDT,64656.02,0.05302433863560513,,0.01207269514888704
2026-02-24 00:00:00+00:00,BTCUSDT,64058.15,0.051240979479920096,,0.01207269514888704
2026-02-25 00:00:00+00:00,BTCUSDT,67988.04,0.05298429806735874,0.015610175292656419,0.012908238565099928
2026-02-26 00:00:00+00:00,BTCUSDT,67485.18,0.06152857417408643,0.003969847346952995,0.0076592130922650695
2026-02-27 00:00:00+00:00,BTCUSDT,65872.1,0.016665360081533687,0.020906624935230142,0.004405494980382122
2026-02-28 00:00:00+00:00,BTCUSDT,66973.26,0.0013165126012134561,0.01824751074842957,0.00486852934713717
2026-03-01 00:00:00+00:00,BTCUSDT,65776.47,0.002406005798789569,0.0266841756982897,0.006651607580358067
2026-03-02 00:00:00+00:00,BTCUSDT,68830.06,0.012312247720576147,0.03236710072890953,0.00756995806276848
2026-03-03 00:00:00+00:00,BTCUSDT,68338.0,0.014705203111002232,,0.00756995806276848
2026-03-04 00:00:00+00:00,BTCUSDT,72666.77,0.0198509416009395,0.020054594609169366,0.009001026455527486
2026-03-05 00:00:00+00:00,BTCUSDT,70890.72,0.028597430690424596,,0.007848875740406604
2026-03-06 00:00:00+00:00,BTCUSDT,68114.02,0.02165501017234451,,0.007848875740406604
2026-03-07 00:00:00+00:00,BTCUSDT,67262.91,0.022046562225776414,0.004347962449096313,0.007503437434314069
2026-03-08 00:00:00+00:00,BTCUSDT,65971.2,0.020214342021416205,0.022114473034169503,0.009282376763302815
2026-03-09 00:00:00+00:00,BTCUSDT,68432.16,0.023146870038311847,,0.008674859226322834
2026-03-10 00:00:00+00:00,BTCUSDT,69948.63,0.01914956537862333,0.02516220202075216,0.0088765619397385
2026-03-11 00:00:00+00:00,BTCUSDT,70191.86,0.02087265346803701,0.01695686496687597,0.00889616528936395
2026-03-12 00:00:00+00:00,BTCUSDT,70541.34,0.020375406233074593,,0.00889616528936395
2026-03-13 00:00:00+00:00,BTCUSDT,70930.0,0.020686951897160057,0.002370338788526857,0.00889616528936395
2026-03-14 00:00:00+00:00,BTCUSDT,71211.95,0.02048575944556825,,0.00889616528936395
2026-03-15 00:00:00+00:00,BTCUSDT,72815.24,0.020413585832119278,,0.00889616528936395
2026-03-16 00:00:00+00:00,BTCUSDT,74884.67,0.020165483751328154,,0.009543715083438925
2026-03-17 00:00:00+00:00,BTCUSDT,73909.36,0.025711500561806138,,0.009543715083438925
2026-03-18 00:00:00+00:00,BTCUSDT,71246.54,0.017830833042491435,,0.008708171667226036
2026-03-19 00:00:00+00:00,BTCUSDT,69930.0,0.006689288435368024,0.02139716679220806,0.009167418427007365
2026-03-20 00:00:00+00:00,BTCUSDT,70510.73,0.010895628056271096,0.014242061696236218,0.00958751429290466
2026-03-21 00:00:00+00:00,BTCUSDT,68918.12,0.008471971184540877,,0.00848726645026851
2026-03-22 00:00:00+00:00,BTCUSDT,67859.0,,0.016116943325119572,0.008132950175851358
2026-03-23 00:00:00+00:00,BTCUSDT,70906.45,,,
2024-06-01 00:00:00+00:00,DOGEUSDT,0.16031,,0.004196109930898152,
2024-06-02 00:00:00+00:00,DOGEUSDT,0.1571,,0.021395922466554168,
2024-06-03 00:00:00+00:00,DOGEUSDT,0.15835,,0.021518955146472007,
2024-06-04 00:00:00+00:00,DOGEUSDT,0.16136,,,
2024-06-05 00:00:00+00:00,DOGEUSDT,0.16326,,0.01267718305936298,
2024-06-06 00:00:00+00:00,DOGEUSDT,0.16016,,,
2024-06-07 00:00:00+00:00,DOGEUSDT,0.1482,,0.010619967689490858,
2024-06-08 00:00:00+00:00,DOGEUSDT,0.14588,,0.01834383861538242,
2024-06-09 00:00:00+00:00,DOGEUSDT,0.14679,,0.006902885516061069,
2024-06-10 00:00:00+00:00,DOGEUSDT,0.14478,,,
2024-06-11 00:00:00+00:00,DOGEUSDT,0.13806,,0.04774308741231424,
2024-06-12 00:00:00+00:00,DOGEUSDT,0.14621,,0.02029394729782664,
2024-06-13 00:00:00+00:00,DOGEUSDT,0.1411,,,
2024-06-14 00:00:00+00:00,DOGEUSDT,0.13499,,0.013589505962412728,
2024-06-15 00:00:00+00:00,DOGEUSDT,0.13677,,0.01697002780724978,
2024-06-16 00:00:00+00:00,DOGEUSDT,0.13713,,0.006288852602019652,
2024-06-17 00:00:00+00:00,DOGEUSDT,0.12879,,,
2024-06-18 00:00:00+00:00,DOGEUSDT,0.12225,,0.016834643644089403,
2024-06-19 00:00:00+00:00,DOGEUSDT,0.12247,,0.03331303706233566,
2024-06-20 00:00:00+00:00,DOGEUSDT,0.12455,,0.02279817670841025,
2024-06-21 00:00:00+00:00,DOGEUSDT,0.12418,,0.014456446512150247,0.011034393331018657
2024-06-22 00:00:00+00:00,DOGEUSDT,0.12375,,0.011793201008090637,0.010713493238097546
2024-06-23 00:00:00+00:00,DOGEUSDT,0.12222,0.01111530026453986,,0.009815473093475241
2024-06-24 00:00:00+00:00,DOGEUSDT,0.11902,0.009446997644588973,,0.009108931417396774
2024-06-25 00:00:00+00:00,DOGEUSDT,0.12615,0.020359341458912165,0.04060044174346501,0.010300348046625715
2024-06-26 00:00:00+00:00,DOGEUSDT,0.12276,0.0278318709860544,0.04574517510766367,0.011535429720559855
2024-06-27 00:00:00+00:00,DOGEUSDT,0.12711,0.029640964142315658,0.04199838616832052,0.013186832632139307
2024-06-28 00:00:00+00:00,DOGEUSDT,0.12306,0.034398615695537954,,0.013186832632139307
2024-06-29 00:00:00+00:00,DOGEUSDT,0.1219,0.03571556679399208,0.016158998769346036,0.013668357936718434
2024-06-30 00:00:00+00:00,DOGEUSDT,0.12448,0.03549193301888727,,0.013668357936718434
2024-07-01 00:00:00+00:00,DOGEUSDT,0.12352,0.03524693938738865,0.003533012449393191,0.014344609425473154
2024-07-02 00:00:00+00:00,DOGEUSDT,0.1253,0.03595676363930535,0.009375027882201178,0.014569563750669761
2024-07-03 00:00:00+00:00,DOGEUSDT,0.11849,0.030904488727294073,,0.012399813550679937
2024-07-04 00:00:00+00:00,DOGEUSDT,0.10502,,,0.012399813550679937
2024-07-05 00:00:00+00:00,DOGEUSDT,0.10547,0.010785596597602235,,0.011447493023936935
2024-07-06 00:00:00+00:00,DOGEUSDT,0.11343,,0.0695338648021347,0.0147730564563423
2024-07-07 00:00:00+00:00,DOGEUSDT,0.10415,0.03135667048805279,0.0288663599527598,0.014805286400584431
2024-07-08 00:00:00+00:00,DOGEUSDT,0.10758,0.03853068079643139,0.01189813287891963,0.014805286400584431
2024-07-09 00:00:00+00:00,DOGEUSDT,0.10756,0.043448374255157296,0.029001924795186765,0.01499844480057288
2024-07-10 00:00:00+00:00,DOGEUSDT,0.108,0.04246261750647954,0.026736905125631007,0.013722869008907143
2024-07-11 00:00:00+00:00,DOGEUSDT,0.10664,0.04303583522150451,,0.013722869008907143
2024-07-12 00:00:00+00:00,DOGEUSDT,0.10769,0.04349307232803218,,0.013722869008907143
2024-07-13 00:00:00+00:00,DOGEUSDT,0.11231,0.04162160806873531,,0.013722869008907143
2024-07-14 00:00:00+00:00,DOGEUSDT,0.11535,0.03792665964199949,,0.013722869008907143
2024-07-15 00:00:00+00:00,DOGEUSDT,0.1249,0.031615607544334075,0.01715882602495031,0.015904972910170782
2024-07-16 00:00:00+00:00,DOGEUSDT,0.12478,0.026975453314298303,0.051358727310638674,0.015564988122875387
2024-07-17 00:00:00+00:00,DOGEUSDT,0.12178,0.020294689389548093,,0.013999090545558248
2024-07-18 00:00:00+00:00,DOGEUSDT,0.11956,0.011681520197526983,0.042296150326958964,0.013465053357787245
2024-07-19 00:00:00+00:00,DOGEUSDT,0.12543,0.008456232618568295,,0.013465053357787245
2024-07-20 00:00:00+00:00,DOGEUSDT,0.13424,,0.03634420132225544,0.012641390691620923
2024-07-21 00:00:00+00:00,DOGEUSDT,0.14026,,0.021421536197955622,0.014338243558033235
2024-07-22 00:00:00+00:00,DOGEUSDT,0.13776,,,0.013661992069278513
2024-07-23 00:00:00+00:00,DOGEUSDT,0.13031,,0.025072583384556535,0.01273412796085593
2024-07-24 00:00:00+00:00,DOGEUSDT,0.12795,,,0.01273412796085593
2024-07-25 00:00:00+00:00,DOGEUSDT,0.12526,,,0.01273412796085593
2024-07-26 00:00:00+00:00,DOGEUSDT,0.13419,0.016213487902025158,,0.01273412796085593
2024-07-27 00:00:00+00:00,DOGEUSDT,0.13144,0.02332495851860064,,0.008850916203049682
2024-07-28 00:00:00+00:00,DOGEUSDT,0.13004,,0.016681311975925987,0.007253242190936658
2024-07-29 00:00:00+00:00,DOGEUSDT,0.12843,,,0.007253242190936658
2024-07-30 00:00:00+00:00,DOGEUSDT,0.12551,,0.004041143506982359,0.007060083790948206
2024-07-31 00:00:00+00:00,DOGEUSDT,0.12192,,,0.006750258622358545
2024-08-01 00:00:00+00:00,DOGEUSDT,0.11899,,0.034465321426377996,0.008768996214238215
2024-08-02 00:00:00+00:00,DOGEUSDT,0.11154,,,0.008768996214238215
2024-08-03 00:00:00+00:00,DOGEUSDT,0.10811,,,0.008768996214238215
2024-08-04 00:00:00+00:00,DOGEUSDT,0.10375,,,0.008768996214238215
2024-08-05 00:00:00+00:00,DOGEUSDT,0.09436,,0.02658640240146961,0.0065868923129745694
2024-08-06 00:00:00+00:00,DOGEUSDT,0.09645,,0.06822976860606944,0.007148998670660099
2024-08-07 00:00:00+00:00,DOGEUSDT,0.09558,,0.04951525517186053,0.01059629401644818
2024-08-08 00:00:00+00:00,DOGEUSDT,0.10748,,0.02847912106667132,0.013497174571845913
2024-08-09 00:00:00+00:00,DOGEUSDT,0.10386,,0.016300966939624004,0.014093178516772569
2024-08-10 00:00:00+00:00,DOGEUSDT,0.10518,,0.009668672127432668,0.014093178516772569
2024-08-11 00:00:00+00:00,DOGEUSDT,0.10059,0.02321215450627006,0.06960505272775618,0.016313594346049475
2024-08-12 00:00:00+00:00,DOGEUSDT,0.10791,0.03176003801175664,0.0310700832609342,0.01855198864197747
2024-08-13 00:00:00+00:00,DOGEUSDT,0.10636,0.033332712440402826,0.006482414335531007,0.018250240564662772
2024-08-14 00:00:00+00:00,DOGEUSDT,0.1024,0.03410265578009111,,0.018250240564662772
2024-08-15 00:00:00+00:00,DOGEUSDT,0.10021,0.033453128482552774,0.02291594539835354,0.018250240564662772
2024-08-16 00:00:00+00:00,DOGEUSDT,0.10035,0.03125152350082039,,0.018250240564662772
2024-08-17 00:00:00+00:00,DOGEUSDT,0.10275,0.02736565243105626,0.031877364746621985,0.018901971191517354
2024-08-18 00:00:00+00:00,DOGEUSDT,0.10004,0.02920875699822057,,0.019518471847745772
2024-08-19 00:00:00+00:00,DOGEUSDT,0.10133,0.03041741889856571,,0.019518471847745772
2024-08-20 00:00:00+00:00,DOGEUSDT,0.10289,0.028283174944017966,0.014716085544232923,0.020485505767636653
2024-08-21 00:00:00+00:00,DOGEUSDT,0.10615,0.025528570313550252,0.015398015903694062,0.02130108415784274
2024-08-22 00:00:00+00:00,DOGEUSDT,0.10525,0.027308004826410933,,0.020139971866538948
2024-08-23 00:00:00+00:00,DOGEUSDT,0.11293,0.031684228691762704,0.017811615643820417,0.02053526322986129
2024-08-24 00:00:00+00:00,DOGEUSDT,0.11258,0.03835049585505025,,0.02053526322986129
2024-08-25 00:00:00+00:00,DOGEUSDT,0.10959,0.04156382079040837,,0.02053526322986129
2024-08-26 00:00:00+00:00,DOGEUSDT,0.1052,0.048208721152091696,,0.02053526322986129
2024-08-27 00:00:00+00:00,DOGEUSDT,0.09891,0.03706319940694661,0.029563637320861716,0.020077180660038392
2024-08-28 00:00:00+00:00,DOGEUSDT,0.09964,0.03753058255843998,0.021585192056845337,0.016629885314250307
2024-08-29 00:00:00+00:00,DOGEUSDT,0.10037,0.033883120741275634,0.03259676017560532,0.012611639035044126
2024-08-30 00:00:00+00:00,DOGEUSDT,0.10177,0.01908311587600783,0.007713669753214344,0.012809572305121829
2024-08-31 00:00:00+00:00,DOGEUSDT,0.10128,0.0168837929883669,,0.012809572305121829
2024-09-01 00:00:00+00:00,DOGEUSDT,0.09509,0.011153506836936439,0.04926294555687448,0.011050906393449854
2024-09-02 00:00:00+00:00,DOGEUSDT,0.09912,0.0068068818276999735,0.014509219911645296,0.009861686470287439
2024-09-03 00:00:00+00:00,DOGEUSDT,0.09677,0.008557123760831899,,0.009260930258661542
2024-09-04 00:00:00+00:00,DOGEUSDT,0.098,0.014376638533915964,0.015280255481378183,0.010253319790813765
2024-09-05 00:00:00+00:00,DOGEUSDT,0.09842,0.01810952398975638,0.011173584631492355,0.012143831366411078
2024-09-06 00:00:00+00:00,DOGEUSDT,0.09254,0.01951864313274374,0.018560051934795718,0.013493370002024713
2024-09-07 00:00:00+00:00,DOGEUSDT,0.09539,0.02836793266616887,,0.01284163937517013
2024-09-08 00:00:00+00:00,DOGEUSDT,0.09616,0.024500372316016317,,0.012225138718941712
2024-09-09 00:00:00+00:00,DOGEUSDT,0.10376,0.019301204157767846,0.01133412511170044,0.013691002325244929
2024-09-10 00:00:00+00:00,DOGEUSDT,0.1028,0.023702904929886758,,0.01272396840535405
2024-09-11 00:00:00+00:00,DOGEUSDT,0.10131,0.025111429909884072,0.010858415020738187,0.01190839001514796
2024-09-12 00:00:00+00:00,DOGEUSDT,0.10269,0.025050485694696104,,0.011050764714572087
2024-09-13 00:00:00+00:00,DOGEUSDT,0.10696,0.019978541450950973,0.01819853147343913,0.011853401584976712
2024-09-14 00:00:00+00:00,DOGEUSDT,0.1054,0.022281906225938387,,0.011853401584976712
2024-09-15 00:00:00+00:00,DOGEUSDT,0.10281,0.021120596435035163,,0.011853401584976712
2024-09-16 00:00:00+00:00,DOGEUSDT,0.09964,0.0224338224045936,0.03360166658949116,0.01286992785123498
2024-09-17 00:00:00+00:00,DOGEUSDT,0.10112,0.03248517756980811,0.02060533262117069,0.011914472221438805
2024-09-18 00:00:00+00:00,DOGEUSDT,0.10385,0.03010309582684553,,0.011914472221438805
2024-09-19 00:00:00+00:00,DOGEUSDT,0.10499,0.02945829462002226,0.03000478243555064,0.012261621884641194
2024-09-20 00:00:00+00:00,DOGEUSDT,0.10555,0.029568434232911334,0.014865995696765924,0.011467684669636838
2024-09-21 00:00:00+00:00,DOGEUSDT,0.10993,0.028818354529603712,0.050504223329001986,0.014012099730595523
2024-09-22 00:00:00+00:00,DOGEUSDT,0.10633,0.034940951353517276,0.04130924341795292,0.012192457521262023
2024-09-23 00:00:00+00:00,DOGEUSDT,0.10807,0.028464147981540306,,0.011143283148496443
2024-09-24 00:00:00+00:00,DOGEUSDT,0.10979,0.023910348976391833,0.013570943929709285,0.011572025588252348
2024-09-25 00:00:00+00:00,DOGEUSDT,0.10849,0.02381249975199148,0.008102437592984452,0.012618423076545593
2024-09-26 00:00:00+00:00,DOGEUSDT,0.11818,0.02892385469751956,,0.01072791150094828
2024-09-27 00:00:00+00:00,DOGEUSDT,0.12351,0.01884010653004658,0.03250526721712771,0.009378372865334642
2024-09-28 00:00:00+00:00,DOGEUSDT,0.12806,,0.027348140284978034,0.010286552157514117
2024-09-29 00:00:00+00:00,DOGEUSDT,0.12438,0.01185607920306136,,0.010286552157514117
2024-09-30 00:00:00+00:00,DOGEUSDT,0.11421,,,0.0088206885512109
2024-10-01 00:00:00+00:00,DOGEUSDT,0.10685,,0.02727516565867815,0.0088206885512109
2024-10-02 00:00:00+00:00,DOGEUSDT,0.10462,,0.019312290280112266,0.0088206885512109
2024-10-03 00:00:00+00:00,DOGEUSDT,0.10507,,,0.0088206885512109
2024-10-04 00:00:00+00:00,DOGEUSDT,0.10924,,0.013786036875051108,0.008315691121025674
2024-10-05 00:00:00+00:00,DOGEUSDT,0.1094,,,0.008315691121025674
2024-10-06 00:00:00+00:00,DOGEUSDT,0.11159,,0.02851348953252271,0.008315691121025674
2024-10-07 00:00:00+00:00,DOGEUSDT,0.10841,,,0.007299164854767408
2024-10-08 00:00:00+00:00,DOGEUSDT,0.10709,,0.01910968320741634,0.008051611387407849
2024-10-09 00:00:00+00:00,DOGEUSDT,0.10794,,,0.008051611387407849
2024-10-10 00:00:00+00:00,DOGEUSDT,0.10603,,,0.007704461724205459
2024-10-11 00:00:00+00:00,DOGEUSDT,0.11077,,,0.007884579193898462
2024-10-12 00:00:00+00:00,DOGEUSDT,0.11138,,0.020597056191854958,0.006027280223514992
2024-10-13 00:00:00+00:00,DOGEUSDT,0.1114,,0.0006064473816301557,0.005688319648831248
2024-10-14 00:00:00+00:00,DOGEUSDT,0.11669,,0.051384550774228904,0.007817359588587217
2024-10-15 00:00:00+00:00,DOGEUSDT,0.11748,,,0.007388617148831312
2024-10-16 00:00:00+00:00,DOGEUSDT,0.12573,,0.04680226463329986,0.005770257810294215
2024-10-17 00:00:00+00:00,DOGEUSDT,0.12967,,,0.005770257810294215
2024-10-18 00:00:00+00:00,DOGEUSDT,0.13716,,,0.005770257810294215
2024-10-19 00:00:00+00:00,DOGEUSDT,0.14407,,0.05377569699719548,0.006456691960832832
2024-10-20 00:00:00+00:00,DOGEUSDT,0.14214,,0.031708272641928874,0.006456691960832832
2024-10-21 00:00:00+00:00,DOGEUSDT,0.14367,,0.057635625466864744,0.006456691960832832
2024-10-22 00:00:00+00:00,DOGEUSDT,0.1397,,,0.006456691960832832
2024-10-23 00:00:00+00:00,DOGEUSDT,0.13997,,0.0033357196877063532,0.006456691960832832
2024-10-24 00:00:00+00:00,DOGEUSDT,0.14188,,0.01187419489550247,0.008883164499612049
2024-10-25 00:00:00+00:00,DOGEUSDT,0.13161,,0.032062943934543335,0.010418034303123649
2024-10-26 00:00:00+00:00,DOGEUSDT,0.13747,0.014520484984409186,,0.010418034303123649
2024-10-27 00:00:00+00:00,DOGEUSDT,0.14426,,,0.010418034303123649
2024-10-28 00:00:00+00:00,DOGEUSDT,0.16146,,,0.010418034303123649
2024-10-29 00:00:00+00:00,DOGEUSDT,0.17586,,0.059134028456851534,0.012611688571068229
2024-10-30 00:00:00+00:00,DOGEUSDT,0.16828,,0.004936059957824854,0.012611688571068229
2024-10-31 00:00:00+00:00,DOGEUSDT,0.16164,,0.04806730517475111,0.012611688571068229
2024-11-01 00:00:00+00:00,DOGEUSDT,0.15916,,0.032755302526766006,0.012979407890287398
2024-11-02 00:00:00+00:00,DOGEUSDT,0.15955,,,0.012499964163027349
2024-11-03 00:00:00+00:00,DOGEUSDT,0.15139,,0.051846181018379026,0.012499964163027349
2024-11-04 00:00:00+00:00,DOGEUSDT,0.15822,,,0.010370924223271379
2024-11-05 00:00:00+00:00,DOGEUSDT,0.16999,,,0.010370924223271379
2024-11-06 00:00:00+00:00,DOGEUSDT,0.19646,,0.04263584901303866,0.011261645924074797
2024-11-07 00:00:00+00:00,DOGEUSDT,0.19324,,0.042557294538596864,0.012587778976085968
2024-11-08 00:00:00+00:00,DOGEUSDT,0.20197,,,0.012587778976085968
2024-11-09 00:00:00+00:00,DOGEUSDT,0.2189,,,0.010993165533367877
2024-11-10 00:00:00+00:00,DOGEUSDT,0.27778,,,0.010993165533367877
2024-11-11 00:00:00+00:00,DOGEUSDT,0.35136,,,0.010993165533367877
2024-11-12 00:00:00+00:00,DOGEUSDT,0.37985,,0.1649468648345287,0.010993165533367877
2024-11-13 00:00:00+00:00,DOGEUSDT,0.39903,,0.1409841329076884,0.013820544167063338
2024-11-14 00:00:00+00:00,DOGEUSDT,0.36254,,0.0521389748685856,0.014241828571281387
2024-11-15 00:00:00+00:00,DOGEUSDT,0.3815,,0.04158076904306156,0.014285449867221859
2024-11-16 00:00:00+00:00,DOGEUSDT,0.36421,,,0.014285449867221859
2024-11-17 00:00:00+00:00,DOGEUSDT,0.36704,,0.012504743574219528,0.014285449867221859
2024-11-18 00:00:00+00:00,DOGEUSDT,0.37113,,,0.014285449867221859
2024-11-19 00:00:00+00:00,DOGEUSDT,0.39067,,0.04822321330095623,0.011339349066636837
2024-11-20 00:00:00+00:00,DOGEUSDT,0.37778,,0.06130366580699268,0.012161473080854595
2024-11-21 00:00:00+00:00,DOGEUSDT,0.38664,,,0.012161473080854595
2024-11-22 00:00:00+00:00,DOGEUSDT,0.41277,,,0.011613636291942425
2024-11-23 00:00:00+00:00,DOGEUSDT,0.43015,,0.07011599207881383,0.011405963928627258
2024-11-24 00:00:00+00:00,DOGEUSDT,0.43023,,0.038465049896877386,0.013827364997390255
2024-11-25 00:00:00+00:00,DOGEUSDT,0.39264,,,0.013827364997390255
2024-11-26 00:00:00+00:00,DOGEUSDT,0.38705,,0.04781561785966476,0.013827364997390255
2024-11-27 00:00:00+00:00,DOGEUSDT,0.40093,,,0.012516215614678463
2024-11-28 00:00:00+00:00,DOGEUSDT,0.4016,,0.04175614732358211,0.013851724907934793
2024-11-29 00:00:00+00:00,DOGEUSDT,0.42636,,0.032900799278145335,0.014714522045714227
2024-11-30 00:00:00+00:00,DOGEUSDT,0.4216,,0.02346809192000262,0.01600424890461426
2024-12-01 00:00:00+00:00,DOGEUSDT,0.44045,,0.046389256244121255,0.01789908321463656
2024-12-02 00:00:00+00:00,DOGEUSDT,0.42457,,0.001816390308819569,0.01789908321463656
2024-12-03 00:00:00+00:00,DOGEUSDT,0.40632,0.03724191478234294,0.039670654465137234,0.019010997380320332
2024-12-04 00:00:00+00:00,DOGEUSDT,0.43274,0.051373504989972923,0.022053387535580858,0.016183618746624873
2024-12-05 00:00:00+00:00,DOGEUSDT,0.42682,0.04406816395509901,0.022007379556708794,0.014557922701753802
2024-12-06 00:00:00+00:00,DOGEUSDT,0.43467,0.03303376421791784,,0.012286500798759984
2024-12-07 00:00:00+00:00,DOGEUSDT,0.45281,0.023175188269037094,,0.012286500798759984
2024-12-08 00:00:00+00:00,DOGEUSDT,0.46635,0.02122208995472716,,0.01404938528040352
2024-12-09 00:00:00+00:00,DOGEUSDT,0.41403,0.030358515965374137,0.017725647357184383,0.01404938528040352
2024-12-10 00:00:00+00:00,DOGEUSDT,0.39392,,0.08983473088569678,0.01404938528040352
2024-12-11 00:00:00+00:00,DOGEUSDT,0.41402,,0.0004499733091831282,0.0142659029141972
2024-12-12 00:00:00+00:00,DOGEUSDT,0.40611,,0.008041757545739043,0.014265902914197196
2024-12-13 00:00:00+00:00,DOGEUSDT,0.40901,0.010723210081435938,0.018227856896682135,0.015530356514869871
2024-12-14 00:00:00+00:00,DOGEUSDT,0.39828,0.02651878100134022,0.03610956559440086,0.016183358837965695
2024-12-15 00:00:00+00:00,DOGEUSDT,0.40659,0.029142699625820282,0.04138912489609955,0.01466740171731005
2024-12-16 00:00:00+00:00,DOGEUSDT,0.40195,0.028969867061988504,0.03473129295883879,0.01466740171731005
2024-12-17 00:00:00+00:00,DOGEUSDT,0.39415,0.032758799188943394,,0.01466740171731005
2024-12-18 00:00:00+00:00,DOGEUSDT,0.35824,0.02396143691432196,,0.01466740171731005
2024-12-19 00:00:00+00:00,DOGEUSDT,0.31431,,,0.012005759372042553
2024-12-20 00:00:00+00:00,DOGEUSDT,0.31793,,,0.01114296223426312
2024-12-21 00:00:00+00:00,DOGEUSDT,0.32042,,,0.009853235375363084
2024-12-22 00:00:00+00:00,DOGEUSDT,0.31262,,0.049927375332471574,0.00870626654467541
2024-12-23 00:00:00+00:00,DOGEUSDT,0.32497,,,0.00870626654467541
2024-12-24 00:00:00+00:00,DOGEUSDT,0.3371,,0.02514774320156088,0.0091576642178395
2024-12-25 00:00:00+00:00,DOGEUSDT,0.33433,,0.0009798091800569879,0.009902623422000894
2024-12-26 00:00:00+00:00,DOGEUSDT,0.31274,,0.031905546641827626,0.010586163364836936
2024-12-27 00:00:00+00:00,DOGEUSDT,0.31186,,0.030817758100039002,0.012407533397622853
2024-12-28 00:00:00+00:00,DOGEUSDT,0.32439,,0.0432452931839117,0.01368432018488739
2024-12-29 00:00:00+00:00,DOGEUSDT,0.31435,,0.009794105032656257,0.012458148737187959
2024-12-30 00:00:00+00:00,DOGEUSDT,0.31396,,0.02606862129977475,0.013100738992956485
2024-12-31 00:00:00+00:00,DOGEUSDT,0.316,,0.04049599290554063,0.0140971206086774
2025-01-01 00:00:00+00:00,DOGEUSDT,0.32513,,,0.013058478960665962
2025-01-02 00:00:00+00:00,DOGEUSDT,0.33893,,,0.013058478960665962
2025-01-03 00:00:00+00:00,DOGEUSDT,0.37989,,,0.01179402535999329
2025-01-04 00:00:00+00:00,DOGEUSDT,0.39483,,0.05151002079513772,0.013071076283562336
2025-01-05 00:00:00+00:00,DOGEUSDT,0.3823,,0.045457770912977535,0.01307932041848889
2025-01-06 00:00:00+00:00,DOGEUSDT,0.38782,,0.02183179870367396,0.01454230310913546
2025-01-07 00:00:00+00:00,DOGEUSDT,0.348,,,0.01454230310913546
2025-01-08 00:00:00+00:00,DOGEUSDT,0.3423,,0.027024704584814215,0.01613550539379601
2025-01-09 00:00:00+00:00,DOGEUSDT,0.321,,0.03726277344708701,0.01882860996711793
2025-01-10 00:00:00+00:00,DOGEUSDT,0.33388,,,0.01882860996711793
2025-01-11 00:00:00+00:00,DOGEUSDT,0.3412,,0.024840490323712165,0.019667769995538115
2025-01-12 00:00:00+00:00,DOGEUSDT,0.33591,,0.013047986020774489,0.018919904516203484
2025-01-13 00:00:00+00:00,DOGEUSDT,0.33807,,,0.018919904516203484
2025-01-14 00:00:00+00:00,DOGEUSDT,0.35591,,,0.017356592677355627
2025-01-15 00:00:00+00:00,DOGEUSDT,0.38537,,0.022192928304584615,0.019344706073582647
2025-01-16 00:00:00+00:00,DOGEUSDT,0.37649,,,0.019177880648685745
2025-01-17 00:00:00+00:00,DOGEUSDT,0.41525,,0.06130382984187056,0.01994340734503561
2025-01-18 00:00:00+00:00,DOGEUSDT,0.39641,0.0066471619648740075,,0.018666620557771074
2025-01-19 00:00:00+00:00,DOGEUSDT,0.3584,,0.07147523375652283,0.02106268959755079
2025-01-20 00:00:00+00:00,DOGEUSDT,0.35456,,0.07847747557241999,0.023594112707779977
2025-01-21 00:00:00+00:00,DOGEUSDT,0.37177,,0.016966982682222884,0.023929912433573584
2025-01-22 00:00:00+00:00,DOGEUSDT,0.36291,,,0.023929912433573584
2025-01-23 00:00:00+00:00,DOGEUSDT,0.35206,,0.05863595512466326,0.024217873712975218
2025-01-24 00:00:00+00:00,DOGEUSDT,0.35085,,0.03652540925784858,0.024937265610861372
2025-01-25 00:00:00+00:00,DOGEUSDT,0.35352,0.021387314170704008,0.006911349657853456,0.023207493155934924
2025-01-26 00:00:00+00:00,DOGEUSDT,0.33605,0.01837071494688803,,0.022293805072901022
2025-01-27 00:00:00+00:00,DOGEUSDT,0.33397,0.015164100803246934,0.04446396950087113,0.023644346796512013
2025-01-28 00:00:00+00:00,DOGEUSDT,0.31871,,0.04519355566398422,0.025865883888586856
2025-01-29 00:00:00+00:00,DOGEUSDT,0.32404,0.015380274338352722,0.01937833628692553,0.025204147526792845
2025-01-30 00:00:00+00:00,DOGEUSDT,0.33153,0.01761257682303595,0.03717450594260527,0.02251104295347093
2025-01-31 00:00:00+00:00,DOGEUSDT,0.3289,,,0.02251104295347093
2025-02-01 00:00:00+00:00,DOGEUSDT,0.30792,,,0.021671882925050744
2025-02-02 00:00:00+00:00,DOGEUSDT,0.26808,,,0.021671882925050744
2025-02-03 00:00:00+00:00,DOGEUSDT,0.28485,0.007658144058678714,0.04860809938391494,0.029943311603875613
2025-02-04 00:00:00+00:00,DOGEUSDT,0.26345,0.03457033493063363,0.01549862879589087,0.029943311603875613
2025-02-05 00:00:00+00:00,DOGEUSDT,0.25619,0.04749223309138743,0.0153358340927027,0.0272102390034872
2025-02-06 00:00:00+00:00,DOGEUSDT,0.24789,0.04643234330324751,0.05231957009940719,0.026833578621327275
2025-02-07 00:00:00+00:00,DOGEUSDT,0.24651,0.045965587401598826,0.018959789832116814,0.025430789780645523
2025-02-08 00:00:00+00:00,DOGEUSDT,0.25288,0.037261712302250956,0.021371949999603776,0.026721090468879955
2025-02-09 00:00:00+00:00,DOGEUSDT,0.2489,0.04163883567918202,0.047485463132292204,0.02382755041542119
2025-02-10 00:00:00+00:00,DOGEUSDT,0.25542,0.04013574427520163,,0.020653537049423472
2025-02-11 00:00:00+00:00,DOGEUSDT,0.25305,0.040245800235103095,0.06060761352196704,0.02109356268868436
2025-02-12 00:00:00+00:00,DOGEUSDT,0.26418,0.03785578065829149,0.038554867099308845,0.023082606507575897
2025-02-13 00:00:00+00:00,DOGEUSDT,0.26245,0.03689199598916323,,0.022794645228174266
2025-02-14 00:00:00+00:00,DOGEUSDT,0.2718,0.03540935268740658,0.03517707398138153,0.022957315641361796
2025-02-15 00:00:00+00:00,DOGEUSDT,0.27174,0.03428753027634916,,0.022757034849623367
2025-02-16 00:00:00+00:00,DOGEUSDT,0.26555,0.03237394540303789,,0.022757034849623367
2025-02-17 00:00:00+00:00,DOGEUSDT,0.25819,0.031122373983564783,,0.019943510435365807
2025-02-18 00:00:00+00:00,DOGEUSDT,0.25137,0.029679064179902275,0.011324043895046028,0.01772197334329096
2025-02-19 00:00:00+00:00,DOGEUSDT,0.2548,0.02756656496182464,0.013992849414872765,0.017427340178373916
2025-02-20 00:00:00+00:00,DOGEUSDT,0.25474,0.02993578275559069,0.010024618965865578,0.01846140674287656
2025-02-21 00:00:00+00:00,DOGEUSDT,0.23966,0.03237197649364698,0.017266119103145842,0.02043556967329218
2025-02-22 00:00:00+00:00,DOGEUSDT,0.24656,0.03708138278976227,0.0232733340657226,0.02163702515448262
2025-02-23 00:00:00+00:00,DOGEUSDT,0.24285,0.05316841273672624,,0.02163702515448262
2025-02-24 00:00:00+00:00,DOGEUSDT,0.21043,0.028050099060799555,,0.01336559647565775
2025-02-25 00:00:00+00:00,DOGEUSDT,0.21158,0.01850692927156692,0.08409474882025844,0.016424270022511213
2025-02-26 00:00:00+00:00,DOGEUSDT,0.20355,0.02586775137144389,0.033530590683798676,0.017309450768837366
2025-02-27 00:00:00+00:00,DOGEUSDT,0.20687,0.029905851150470848,,0.017289781118236862
2025-02-28 00:00:00+00:00,DOGEUSDT,0.20184,0.030967050137593693,,0.01610567322978283
2025-03-01 00:00:00+00:00,DOGEUSDT,0.20673,0.032978172251890946,,0.0148153725415484
2025-03-02 00:00:00+00:00,DOGEUSDT,0.23931,,0.14431503237569054,0.02344223642779583
2025-03-03 00:00:00+00:00,DOGEUSDT,0.19913,0.07289132227291094,,0.02344223642779583
2025-03-04 00:00:00+00:00,DOGEUSDT,0.19905,0.07567106245600672,,0.021670029447020425
2025-03-05 00:00:00+00:00,DOGEUSDT,0.20471,0.07524640553618864,,0.019680985628128884
2025-03-06 00:00:00+00:00,DOGEUSDT,0.20153,0.07584043217311644,,0.019680985628128884
2025-03-07 00:00:00+00:00,DOGEUSDT,0.19844,0.07620478448228346,0.030285239262286958,0.0187989233170552
2025-03-08 00:00:00+00:00,DOGEUSDT,0.19234,0.07715690573478612,,0.0187989233170552
2025-03-09 00:00:00+00:00,DOGEUSDT,0.16809,0.07471555520208426,,0.0187989233170552
2025-03-10 00:00:00+00:00,DOGEUSDT,0.15408,0.06410527717289755,0.02862997779806717,0.020892200723088367
2025-03-11 00:00:00+00:00,DOGEUSDT,0.16454,0.07237640115890706,,0.020892200723088367
2025-03-12 00:00:00+00:00,DOGEUSDT,0.17244,0.06357709909534966,0.0549401701273891,0.02332014174618171
2025-03-13 00:00:00+00:00,DOGEUSDT,0.16523,0.06690260976480736,0.0234956331715333,0.024116393920015057
2025-03-14 00:00:00+00:00,DOGEUSDT,0.17194,0.06766303006033259,0.0021046545306895566,0.02214223098959944
2025-03-15 00:00:00+00:00,DOGEUSDT,0.17594,0.06121218623623696,0.0111887214720416,0.02236833153713395
2025-03-16 00:00:00+00:00,DOGEUSDT,0.16817,0.06310595514051653,0.0376725181848759,0.02428938714213489
2025-03-17 00:00:00+00:00,DOGEUSDT,0.17332,0.06470951311367029,0.0005596879300301625,0.02571762493574247
2025-03-18 00:00:00+00:00,DOGEUSDT,0.16802,0.06297177088657305,0.001037292312802334,0.022803923423287496
2025-03-19 00:00:00+00:00,DOGEUSDT,0.17799,0.06442022789027382,0.06736632322635845,0.024772504187451493
2025-03-20 00:00:00+00:00,DOGEUSDT,0.16949,0.06744637778076733,,0.02343005880414659
2025-03-21 00:00:00+00:00,DOGEUSDT,0.16727,0.06664999227507616,0.010189771607694478,0.02392128081445058
2025-03-22 00:00:00+00:00,DOGEUSDT,0.16737,0.06593373453087023,0.0056484129118169754,0.02471564035671958
2025-03-23 00:00:00+00:00,DOGEUSDT,0.1726,0.07296345154278042,,0.016049534450207098
2025-03-24 00:00:00+00:00,DOGEUSDT,0.183,,,0.0160495344502071
2025-03-25 00:00:00+00:00,DOGEUSDT,0.19062,,,0.0160495344502071
2025-03-26 00:00:00+00:00,DOGEUSDT,0.1949,,0.035258421829385864,0.0160495344502071
2025-03-27 00:00:00+00:00,DOGEUSDT,0.19046,,,0.0160495344502071
2025-03-28 00:00:00+00:00,DOGEUSDT,0.18024,,,0.0160495344502071
2025-03-29 00:00:00+00:00,DOGEUSDT,0.16957,,0.005843631931030247,0.0160495344502071
2025-03-30 00:00:00+00:00,DOGEUSDT,0.16652,,,0.0160495344502071
2025-03-31 00:00:00+00:00,DOGEUSDT,0.16666,0.02177832834714084,,0.013956257044173939
2025-04-01 00:00:00+00:00,DOGEUSDT,0.17398,,0.034616682532969734,0.015712068145770763
2025-04-02 00:00:00+00:00,DOGEUSDT,0.16383,0.020891471991546146,,0.012647294364727921
2025-04-03 00:00:00+00:00,DOGEUSDT,0.16231,,0.0026233913995926147,0.01081697562639193
2025-04-04 00:00:00+00:00,DOGEUSDT,0.17128,,0.01646583299247889,0.012770441546421898
2025-04-05 00:00:00+00:00,DOGEUSDT,0.16898,0.0064242076511412905,,0.011997889049926422
2025-04-06 00:00:00+00:00,DOGEUSDT,0.14927,,,0.010076833444925489
2025-04-07 00:00:00+00:00,DOGEUSDT,0.14958,,0.02790396508394215,0.010200674332106826
2025-04-08 00:00:00+00:00,DOGEUSDT,0.14225,,0.06950824150634745,0.014661085731149185
2025-04-09 00:00:00+00:00,DOGEUSDT,0.16031,0.010867496611414337,0.035485838580665875,0.016564191082383755
2025-04-10 00:00:00+00:00,DOGEUSDT,0.15357,0.022652128285138205,0.01829336183071625,0.017813238279038274
2025-04-11 00:00:00+00:00,DOGEUSDT,0.16004,0.030657673719909517,,0.017322016268734287
2025-04-12 00:00:00+00:00,DOGEUSDT,0.16763,0.02266558040662242,0.03317831660823937,0.018491693649065635
2025-04-13 00:00:00+00:00,DOGEUSDT,0.1626,0.028275570814283175,0.03185539091211763,0.01924506815037518
2025-04-14 00:00:00+00:00,DOGEUSDT,0.15854,0.03298388584938809,,0.01924506815037518
2025-04-15 00:00:00+00:00,DOGEUSDT,0.15356,0.040221641785673785,,0.019756462622080646
2025-04-16 00:00:00+00:00,DOGEUSDT,0.15471,0.04501824729903571,0.0065554526823742975,0.019756462622080646
2025-04-17 00:00:00+00:00,DOGEUSDT,0.15588,0.04333860526463122,0.03000195582594624,0.019958271744168345
2025-04-18 00:00:00+00:00,DOGEUSDT,0.15759,0.04394976056284139,,0.019958271744168345
2025-04-19 00:00:00+00:00,DOGEUSDT,0.15735,0.04947160711130612,0.00048054437999102287,0.019958271744168345
2025-04-20 00:00:00+00:00,DOGEUSDT,0.15526,0.051177120204402994,0.000546581557178677,0.02099523823550001
2025-04-21 00:00:00+00:00,DOGEUSDT,0.15939,0.05163451682033784,,0.02099523823550001
2025-04-22 00:00:00+00:00,DOGEUSDT,0.17863,0.045100262538760774,,0.01923942713390319
2025-04-23 00:00:00+00:00,DOGEUSDT,0.17864,0.03935648111899228,0.019543321671513784,0.01923942713390319
2025-04-24 00:00:00+00:00,DOGEUSDT,0.18254,0.041663253151072464,,0.020336338188433216
2025-04-25 00:00:00+00:00,DOGEUSDT,0.18159,0.04033185731710749,0.0009058966728795588,0.018948972635802815
2025-04-26 00:00:00+00:00,DOGEUSDT,0.18192,0.038194187405574426,,0.01829396910357333
2025-04-27 00:00:00+00:00,DOGEUSDT,0.17933,0.043441911636273346,0.022240878825559418,0.01829396910357333
2025-04-28 00:00:00+00:00,DOGEUSDT,0.17907,0.04491184723253982,0.026230171076933744,0.017530791034243418
2025-04-29 00:00:00+00:00,DOGEUSDT,0.17466,0.04501470119240932,,0.012925407600802574
2025-04-30 00:00:00+00:00,DOGEUSDT,0.17224,0.023328090546994036,,0.008168540739077853
2025-05-01 00:00:00+00:00,DOGEUSDT,0.18065,,0.0010231202691911047,0.006919493542423335
2025-05-02 00:00:00+00:00,DOGEUSDT,0.18151,,,0.006919493542423335
2025-05-03 00:00:00+00:00,DOGEUSDT,0.17564,,,0.004955456619822983
2025-05-04 00:00:00+00:00,DOGEUSDT,0.17049,,0.009957982174783003,0.0051561291342364975
2025-05-05 00:00:00+00:00,DOGEUSDT,0.17062,,0.0014873186954812616,0.0051561291342364975
2025-05-06 00:00:00+00:00,DOGEUSDT,0.17219,,,0.005398793208186423
2025-05-07 00:00:00+00:00,DOGEUSDT,0.17202,,,0.005398793208186423
2025-05-08 00:00:00+00:00,DOGEUSDT,0.19817,,,0.005196984086098725
2025-05-09 00:00:00+00:00,DOGEUSDT,0.2053,,,0.005196984086098725
2025-05-10 00:00:00+00:00,DOGEUSDT,0.25063,,0.04244082360350439,0.011532187045650745
2025-05-11 00:00:00+00:00,DOGEUSDT,0.23181,0.0430815933122077,0.10868272071889135,0.012943422243524965
2025-05-12 00:00:00+00:00,DOGEUSDT,0.23101,0.03703373540984934,0.06382482411912518,0.012943422243524965
2025-05-13 00:00:00+00:00,DOGEUSDT,0.24078,0.04046134290915154,0.020295682583869986,0.015285721442881338
2025-05-14 00:00:00+00:00,DOGEUSDT,0.23278,0.040197285857584954,,0.015285721442881338
2025-05-15 00:00:00+00:00,DOGEUSDT,0.21939,0.030439492902416224,0.036746882663575904,0.016446356541315214
2025-05-16 00:00:00+00:00,DOGEUSDT,0.22111,0.02962765211252418,,0.015880256173915648
2025-05-17 00:00:00+00:00,DOGEUSDT,0.21457,0.02979122751766465,,0.017854452991259612
2025-05-18 00:00:00+00:00,DOGEUSDT,0.23304,0.03847670781012814,0.09076908776571067,0.021155612900136747
2025-05-19 00:00:00+00:00,DOGEUSDT,0.22445,0.04750353315590497,0.03910719926362035,0.020366712288677733
2025-05-20 00:00:00+00:00,DOGEUSDT,0.22625,0.04813493972388844,,0.020366712288677733
2025-05-21 00:00:00+00:00,DOGEUSDT,0.23404,0.050313500746151985,,0.020366712288677733
2025-05-22 00:00:00+00:00,DOGEUSDT,0.24558,0.04704770452439112,0.022058281719331423,0.022946966850304416
2025-05-23 00:00:00+00:00,DOGEUSDT,0.22521,0.05316503147931215,0.008272220184098497,0.024928516446711176
2025-05-24 00:00:00+00:00,DOGEUSDT,0.22512,0.05164722771807249,,0.024928516446711176
2025-05-25 00:00:00+00:00,DOGEUSDT,0.22491,0.05484460404414702,,0.02397446943098811
2025-05-26 00:00:00+00:00,DOGEUSDT,0.22596,0.05559311437271496,0.02409271348338231,0.02397446943098811
2025-05-27 00:00:00+00:00,DOGEUSDT,0.22598,0.055480276532910835,0.014354201900579395,0.023549220734986994
2025-05-28 00:00:00+00:00,DOGEUSDT,0.22096,0.054749968825730334,0.04168303593896234,0.023549220734986994
2025-05-29 00:00:00+00:00,DOGEUSDT,0.21487,0.04887470865612465,,0.023549220734986994
2025-05-30 00:00:00+00:00,DOGEUSDT,0.19357,0.050669252350707863,,0.023549220734986994
2025-05-31 00:00:00+00:00,DOGEUSDT,0.19251,0.06368888404437711,0.03926482787665364,0.018202458902408826
2025-06-01 00:00:00+00:00,DOGEUSDT,0.19363,0.03538859280108567,0.019984758513973383,0.016712973780101923
2025-06-02 00:00:00+00:00,DOGEUSDT,0.19507,0.0336951982408307,0.000532391225658197,0.016712973780101923
2025-06-03 00:00:00+00:00,DOGEUSDT,0.19311,0.034455264860415245,0.0006479273605985928,0.01437067458074555
2025-06-04 00:00:00+00:00,DOGEUSDT,0.18812,0.030767221704975513,,0.01437067458074555
2025-06-05 00:00:00+00:00,DOGEUSDT,0.17105,0.03010430196496253,0.05881634389861973,0.015981424163190764
2025-06-06 00:00:00+00:00,DOGEUSDT,0.17878,0.04066240260588777,,0.015981424163190764
2025-06-07 00:00:00+00:00,DOGEUSDT,0.18511,0.03307752691878594,0.023604099629208453,0.014868038628129961
2025-06-08 00:00:00+00:00,DOGEUSDT,0.18418,0.02579505370944492,0.017305330965487076,0.011566878719252828
2025-06-09 00:00:00+00:00,DOGEUSDT,0.1949,0.009354902462634299,0.0024908850712722476,0.012978112430719885
2025-06-10 00:00:00+00:00,DOGEUSDT,0.1985,,0.006182287228854666,0.012978112430719885
2025-06-11 00:00:00+00:00,DOGEUSDT,0.19294,,,0.012978112430719885
2025-06-12 00:00:00+00:00,DOGEUSDT,0.1811,0.013723809887645606,,0.010397857869093202
2025-06-13 00:00:00+00:00,DOGEUSDT,0.1804,,0.018732932658415302,0.01041486379872753
2025-06-14 00:00:00+00:00,DOGEUSDT,0.17824,,0.004415995947552274,0.011248461518356432
2025-06-15 00:00:00+00:00,DOGEUSDT,0.17553,,0.02625239643398849,0.011248461518356432
2025-06-16 00:00:00+00:00,DOGEUSDT,0.17272,,,0.011248461518356432
2025-06-17 00:00:00+00:00,DOGEUSDT,0.16936,,0.035979568374337946,0.010919651668702162
2025-06-18 00:00:00+00:00,DOGEUSDT,0.17068,,0.01502538452170216,0.011731972780798301
2025-06-19 00:00:00+00:00,DOGEUSDT,0.17092,,0.008248929708500562,0.013129849554713054
2025-06-20 00:00:00+00:00,DOGEUSDT,0.16234,,,0.013129849554713054
2025-06-21 00:00:00+00:00,DOGEUSDT,0.15448,,,0.012141408427739203
2025-06-22 00:00:00+00:00,DOGEUSDT,0.15129,,,0.011182691860840215
2025-06-23 00:00:00+00:00,DOGEUSDT,0.16376,,,0.011182691860840215
2025-06-24 00:00:00+00:00,DOGEUSDT,0.16571,,0.027586040756557895,0.011649606164333684
2025-06-25 00:00:00+00:00,DOGEUSDT,0.16459,,0.017901501892469737,0.011649606164333684
2025-06-26 00:00:00+00:00,DOGEUSDT,0.16001,,0.011838996589720907,0.007911661772295235
2025-06-27 00:00:00+00:00,DOGEUSDT,0.16104,,,0.007911661772295235
2025-06-28 00:00:00+00:00,DOGEUSDT,0.16363,,,0.007050850490012072
2025-06-29 00:00:00+00:00,DOGEUSDT,0.16944,,0.042018396566165225,0.00891307233611763
2025-06-30 00:00:00+00:00,DOGEUSDT,0.16518,,,0.007501838624650571
2025-07-01 00:00:00+00:00,DOGEUSDT,0.15778,,0.03994614960289882,0.010436926554236593
2025-07-02 00:00:00+00:00,DOGEUSDT,0.16869,,,0.010436926554236593
2025-07-03 00:00:00+00:00,DOGEUSDT,0.17201,,0.00022427628774669632,0.011440198499969204
2025-07-04 00:00:00+00:00,DOGEUSDT,0.16288,,0.006371226469797165,0.010354304300970256
2025-07-05 00:00:00+00:00,DOGEUSDT,0.16421,,,0.009520706581341354
2025-07-06 00:00:00+00:00,DOGEUSDT,0.17196,,0.037323002970805694,0.010262884239929332
2025-07-07 00:00:00+00:00,DOGEUSDT,0.16792,0.005823808643944583,0.022033918704600204,0.011304092547065067
2025-07-08 00:00:00+00:00,DOGEUSDT,0.17094,0.013193593971597346,,0.011304092547065067
2025-07-09 00:00:00+00:00,DOGEUSDT,0.18053,,,0.010491771434968928
2025-07-10 00:00:00+00:00,DOGEUSDT,0.19507,,,0.009093894661054175
2025-07-11 00:00:00+00:00,DOGEUSDT,0.20103,,0.053305843341283785,0.009093894661054175
2025-07-12 00:00:00+00:00,DOGEUSDT,0.19742,,0.026702742767844248,0.010068486272446957
2025-07-13 00:00:00+00:00,DOGEUSDT,0.19855,0.0105045102523378,0.024640326009421967,0.011186512089715061
2025-07-14 00:00:00+00:00,DOGEUSDT,0.19749,,,0.011186512089715061
2025-07-15 00:00:00+00:00,DOGEUSDT,0.19919,,,0.010719597786221592
2025-07-16 00:00:00+00:00,DOGEUSDT,0.2127,,0.031842440173765946,0.010719597786221592
2025-07-17 00:00:00+00:00,DOGEUSDT,0.21826,,,0.010589246442850928
2025-07-18 00:00:00+00:00,DOGEUSDT,0.2358,,0.02264933970627962,0.010589246442850928
2025-07-19 00:00:00+00:00,DOGEUSDT,0.24143,,0.016173788168320342,0.0141445678193649
2025-07-20 00:00:00+00:00,DOGEUSDT,0.27375,,,0.012282345973259343
2025-07-21 00:00:00+00:00,DOGEUSDT,0.27142,,,0.012282345973259343
2025-07-22 00:00:00+00:00,DOGEUSDT,0.27093,0.021961944435531903,,0.01301345377457639
2025-07-23 00:00:00+00:00,DOGEUSDT,0.24083,,,0.01301345377457639
2025-07-24 00:00:00+00:00,DOGEUSDT,0.23218,,0.041280937323228295,0.01201018182884378
2025-07-25 00:00:00+00:00,DOGEUSDT,0.23673,,,0.011515721328688382
2025-07-26 00:00:00+00:00,DOGEUSDT,0.23543,,0.011864432853048721,0.01233415869831563
2025-07-27 00:00:00+00:00,DOGEUSDT,0.24071,,0.01751339227961821,0.012717330011882279
2025-07-28 00:00:00+00:00,DOGEUSDT,0.22615,,,0.011676121704746545
2025-07-29 00:00:00+00:00,DOGEUSDT,0.22392,,,0.011676121704746545
2025-07-30 00:00:00+00:00,DOGEUSDT,0.21999,,0.07096660515432408,0.012894147604794494
2025-07-31 00:00:00+00:00,DOGEUSDT,0.20974,,,0.012894147604794494
2025-08-01 00:00:00+00:00,DOGEUSDT,0.20097,,,0.012894147604794494
2025-08-02 00:00:00+00:00,DOGEUSDT,0.19098,,0.04282429063620555,0.014023082436317627
2025-08-03 00:00:00+00:00,DOGEUSDT,0.19876,,,0.012905056619049525
2025-08-04 00:00:00+00:00,DOGEUSDT,0.21039,,0.052586096689002534,0.015781418834268594
2025-08-05 00:00:00+00:00,DOGEUSDT,0.19981,,0.04232706339905836,0.016875933079507587
2025-08-06 00:00:00+00:00,DOGEUSDT,0.20524,,,0.016875933079507587
2025-08-07 00:00:00+00:00,DOGEUSDT,0.22228,,,0.016875933079507587
2025-08-08 00:00:00+00:00,DOGEUSDT,0.23039,,,0.016875933079507587
2025-08-09 00:00:00+00:00,DOGEUSDT,0.23995,,0.048687633044973595,0.014355633303719912
2025-08-10 00:00:00+00:00,DOGEUSDT,0.23385,,0.026752950746201504,0.014355633303719912
2025-08-11 00:00:00+00:00,DOGEUSDT,0.22207,,0.05659810415112701,0.017540874096630483
2025-08-12 00:00:00+00:00,DOGEUSDT,0.23582,,,0.013874678365727412
2025-08-13 00:00:00+00:00,DOGEUSDT,0.24482,,0.043164607028504505,0.016378722542197483
2025-08-14 00:00:00+00:00,DOGEUSDT,0.22382,,0.022540185585720216,0.018635177992997756
2025-08-15 00:00:00+00:00,DOGEUSDT,0.22886,,0.008513144464183758,0.018216977166111016
2025-08-16 00:00:00+00:00,DOGEUSDT,0.23115,,0.006598803686203196,0.017398539796483765
2025-08-17 00:00:00+00:00,DOGEUSDT,0.23456,,,0.01627319082432914
2025-08-18 00:00:00+00:00,DOGEUSDT,0.22262,,,0.01627319082432914
2025-08-19 00:00:00+00:00,DOGEUSDT,0.20943,,0.05300184572779016,0.01919164701589436
2025-08-20 00:00:00+00:00,DOGEUSDT,0.22169,,0.01827661158825879,0.019767452565028248
2025-08-21 00:00:00+00:00,DOGEUSDT,0.21473,0.01920899202607582,0.018317292414388245,0.02264286040147224
2025-08-22 00:00:00+00:00,DOGEUSDT,0.24054,0.03923309022119124,0.019906232249698032,0.026488145129340075
2025-08-23 00:00:00+00:00,DOGEUSDT,0.23631,0.05197944939897944,0.037958298449569265,0.024591516543017663
2025-08-24 00:00:00+00:00,DOGEUSDT,0.23182,0.04662778309435284,,0.024591516543017663
2025-08-25 00:00:00+00:00,DOGEUSDT,0.20965,0.043878789076940684,0.031994538593913005,0.024485047292497904
2025-08-26 00:00:00+00:00,DOGEUSDT,0.21839,0.046495682807773935,,0.023390533047258903
2025-08-27 00:00:00+00:00,DOGEUSDT,0.21892,0.04385184264537134,0.024544579392532996,0.024060812659308504
2025-08-28 00:00:00+00:00,DOGEUSDT,0.22437,0.04785272921096075,0.02124276822400778,0.02604857759544426
2025-08-29 00:00:00+00:00,DOGEUSDT,0.21391,0.0555332724140578,0.019807647953647204,0.026925717084412864
2025-08-30 00:00:00+00:00,DOGEUSDT,0.21595,0.05955728791448861,0.011171894414268089,0.025890695483686568
2025-08-31 00:00:00+00:00,DOGEUSDT,0.21371,0.05808075757181996,0.005992197854805155,0.025890695483686568
2025-09-01 00:00:00+00:00,DOGEUSDT,0.21073,0.059706408182971106,0.02839858245817848,0.023002036479964474
2025-09-02 00:00:00+00:00,DOGEUSDT,0.21489,0.054773728266961974,,0.023002036479964474
2025-09-03 00:00:00+00:00,DOGEUSDT,0.2203,0.058309453294534686,0.02538929129436476,0.021932851292246577
2025-09-04 00:00:00+00:00,DOGEUSDT,0.21241,0.053560653577761484,0.0377761098308058,0.02128230617155154
2025-09-05 00:00:00+00:00,DOGEUSDT,0.21788,0.05125146800052095,0.024147946903118795,0.02211408498398821
2025-09-06 00:00:00+00:00,DOGEUSDT,0.21595,0.052188610115793406,,0.02211408498398821
2025-09-07 00:00:00+00:00,DOGEUSDT,0.22877,0.05328957266849024,,0.02211408498398821
2025-09-08 00:00:00+00:00,DOGEUSDT,0.24164,0.04494185366404335,0.007464857967631766,0.022583838542142493
2025-09-09 00:00:00+00:00,DOGEUSDT,0.24063,0.053214244602686984,0.042884473575875465,0.020126524111276342
2025-09-10 00:00:00+00:00,DOGEUSDT,0.24536,0.04667835144919765,,0.01833269266209451
2025-09-11 00:00:00+00:00,DOGEUSDT,0.25603,0.04106075622392788,,0.015457284825650513
2025-09-12 00:00:00+00:00,DOGEUSDT,0.2755,0.01988105585863,,0.011612000097782686
2025-09-13 00:00:00+00:00,DOGEUSDT,0.28938,,0.05781454515191611,0.01169469542066603
2025-09-14 00:00:00+00:00,DOGEUSDT,0.27796,,,0.01169469542066603
2025-09-15 00:00:00+00:00,DOGEUSDT,0.26831,0.0060110185220211216,0.025833953221047746,0.008924802455966725
2025-09-16 00:00:00+00:00,DOGEUSDT,0.26995,,0.009100875208865754,0.008924802455966725
2025-09-17 00:00:00+00:00,DOGEUSDT,0.28256,,,0.008998043084070113
2025-09-18 00:00:00+00:00,DOGEUSDT,0.27857,,,0.007010278147934358
2025-09-19 00:00:00+00:00,DOGEUSDT,0.26527,,0.0076561373642344355,0.0071438771249486355
2025-09-20 00:00:00+00:00,DOGEUSDT,0.26759,,0.018264474386728898,0.007825892788806778
2025-09-21 00:00:00+00:00,DOGEUSDT,0.26074,,,0.007825892788806778
2025-09-22 00:00:00+00:00,DOGEUSDT,0.24122,,0.01559712619871771,0.007529310999618301
2025-09-23 00:00:00+00:00,DOGEUSDT,0.23709,,0.02385599501355416,0.008533809940956491
2025-09-24 00:00:00+00:00,DOGEUSDT,0.24107,,,0.007991846141436644
2025-09-25 00:00:00+00:00,DOGEUSDT,0.22292,,0.03347099842994697,0.008872043344963831
2025-09-26 00:00:00+00:00,DOGEUSDT,0.23244,,0.006727364627560161,0.009156204984589019
2025-09-27 00:00:00+00:00,DOGEUSDT,0.23077,,0.01645710018592573,0.00930293296933178
2025-09-28 00:00:00+00:00,DOGEUSDT,0.23735,,0.024742452604378663,0.011206835829084091
2025-09-29 00:00:00+00:00,DOGEUSDT,0.23478,,0.015232965115904216,0.011541812650964026
2025-09-30 00:00:00+00:00,DOGEUSDT,0.23293,,,0.011080670890264955
2025-10-01 00:00:00+00:00,DOGEUSDT,0.24906,,,0.011080670890264955
2025-10-02 00:00:00+00:00,DOGEUSDT,0.262,,0.02660744729097148,0.012739340230176149
2025-10-03 00:00:00+00:00,DOGEUSDT,0.25819,,,0.012739340230176149
2025-10-04 00:00:00+00:00,DOGEUSDT,0.25084,0.015647187740365782,0.018339111934373535,0.013899890100676451
2025-10-05 00:00:00+00:00,DOGEUSDT,0.25284,,0.04132221529005642,0.016034254279839805
2025-10-06 00:00:00+00:00,DOGEUSDT,0.26603,0.004245592705788814,0.05090401221389484,0.01863815577046384
2025-10-07 00:00:00+00:00,DOGEUSDT,0.24682,0.027144351083726443,0.030855985842347937,0.02135884524081839
2025-10-08 00:00:00+00:00,DOGEUSDT,0.25564,0.03737514330696197,0.033393373762137864,0.022597845201309454
2025-10-09 00:00:00+00:00,DOGEUSDT,0.24849,0.03859781261701705,,0.024160192529417025
2025-10-10 00:00:00+00:00,DOGEUSDT,0.19349,0.02107052509860043,0.01703630067550332,0.029994511206860586
2025-10-11 00:00:00+00:00,DOGEUSDT,0.18527,,0.05476444500111522,0.032605859785061905
2025-10-12 00:00:00+00:00,DOGEUSDT,0.20717,,,0.032605859785061905
2025-10-13 00:00:00+00:00,DOGEUSDT,0.2138,,0.031037993060350155,0.03536947457046037
2025-10-14 00:00:00+00:00,DOGEUSDT,0.20437,,0.050986047412641754,0.034735898903540466
2025-10-15 00:00:00+00:00,DOGEUSDT,0.19621,,,0.03384300371430814
2025-10-16 00:00:00+00:00,DOGEUSDT,0.1885,,,0.03135689618067572
2025-10-17 00:00:00+00:00,DOGEUSDT,0.1847,,0.015500473888111632,0.03024095572861386
2025-10-18 00:00:00+00:00,DOGEUSDT,0.18962,,,0.030094227743871098
2025-10-19 00:00:00+00:00,DOGEUSDT,0.19535,,0.0013795731589139612,0.028190324884118788
2025-10-20 00:00:00+00:00,DOGEUSDT,0.2,,0.04232776256077025,0.02832814638916373
2025-10-21 00:00:00+00:00,DOGEUSDT,0.19427,,,0.02832814638916373
2025-10-22 00:00:00+00:00,DOGEUSDT,0.18993,,0.006809924747349314,0.02853565700318333
2025-10-23 00:00:00+00:00,DOGEUSDT,0.19493,,,0.02687698766327214
2025-10-24 00:00:00+00:00,DOGEUSDT,0.19775,,0.012271628081509821,0.02687698766327214
2025-10-25 00:00:00+00:00,DOGEUSDT,0.19652,,0.007208720573057266,0.026610025257429108
2025-10-26 00:00:00+00:00,DOGEUSDT,0.20577,,0.02071444315236958,0.025789376800236945
2025-10-27 00:00:00+00:00,DOGEUSDT,0.20038,,,0.023185475309612916
2025-10-28 00:00:00+00:00,DOGEUSDT,0.19362,,0.006876387439159186,0.020464785839258363
2025-10-29 00:00:00+00:00,DOGEUSDT,0.19237,,,0.019144008528027487
2025-10-30 00:00:00+00:00,DOGEUSDT,0.18268,,0.012096603770484021,0.018907799159505283
2025-10-31 00:00:00+00:00,DOGEUSDT,0.18644,,0.008067882628864702,0.012062742016078836
2025-11-01 00:00:00+00:00,DOGEUSDT,0.18736,,0.00906993744803868,0.009354462791954109
2025-11-02 00:00:00+00:00,DOGEUSDT,0.18638,,,0.011392551464123634
2025-11-03 00:00:00+00:00,DOGEUSDT,0.16741,,,0.008628936678725165
2025-11-04 00:00:00+00:00,DOGEUSDT,0.16223,,0.06971897340298194,0.008784708797373721
2025-11-05 00:00:00+00:00,DOGEUSDT,0.16719,,0.05427584443691198,0.011832044552564976
2025-11-06 00:00:00+00:00,DOGEUSDT,0.16164,,,0.0131912794889786
2025-11-07 00:00:00+00:00,DOGEUSDT,0.17877,0.02033339672664383,0.007913452638203191,0.01449321858404352
2025-11-08 00:00:00+00:00,DOGEUSDT,0.17605,0.024301140629847028,0.03438997368307074,0.01489959221820997
2025-11-09 00:00:00+00:00,DOGEUSDT,0.1793,0.02899513601205888,,0.01489959221820997
2025-11-10 00:00:00+00:00,DOGEUSDT,0.18179,0.03078390285040193,0.029881107432645736,0.014497947090010293
2025-11-11 00:00:00+00:00,DOGEUSDT,0.17206,0.03154445403249647,,0.015711556348435313
2025-11-12 00:00:00+00:00,DOGEUSDT,0.17018,0.031970374127176106,0.03347320399108805,0.015504045734415713
2025-11-13 00:00:00+00:00,DOGEUSDT,0.16384,0.029597303136324984,,0.015504045734415713
2025-11-14 00:00:00+00:00,DOGEUSDT,0.15765,0.029180942769223672,0.034090358567179624,0.017310743218729146
2025-11-15 00:00:00+00:00,DOGEUSDT,0.16316,0.03353697386247963,0.03281175863873514,0.017794743636606193
2025-11-16 00:00:00+00:00,DOGEUSDT,0.15857,0.03638019689139096,0.057577443344661514,0.016481027914635
2025-11-17 00:00:00+00:00,DOGEUSDT,0.15214,0.03263293359829789,0.06334496968466667,0.019354978602147615
2025-11-18 00:00:00+00:00,DOGEUSDT,0.16173,0.03926534248000059,0.07165078456073005,0.02317732749154407
2025-11-19 00:00:00+00:00,DOGEUSDT,0.1546,0.04516654454004971,0.06622600051000965,0.0225155846021309
2025-11-20 00:00:00+00:00,DOGEUSDT,0.14892,0.04266302440621809,,0.021189446642545535
2025-11-21 00:00:00+00:00,DOGEUSDT,0.14029,0.03592626588139867,0.022853856683485104,0.021189446642545535
2025-11-22 00:00:00+00:00,DOGEUSDT,0.14027,0.03923833496098559,,0.020604361624610806
2025-11-23 00:00:00+00:00,DOGEUSDT,0.145,0.037993520205089254,,0.01856627295244128
2025-11-24 00:00:00+00:00,DOGEUSDT,0.15181,0.02816814703111534,0.035556573252325155,0.01999110567561105
2025-11-25 00:00:00+00:00,DOGEUSDT,0.15301,0.03487936816938093,0.021373001587855545,0.020065042540721546
2025-11-26 00:00:00+00:00,DOGEUSDT,0.15474,0.031593787525202074,0.011105125982299416,0.017866172461796843
2025-11-27 00:00:00+00:00,DOGEUSDT,0.15264,0.028716792749439335,0.011514168402241095,0.01650693752538322
2025-11-28 00:00:00+00:00,DOGEUSDT,0.15017,0.012363780774732883,,0.015204998430318301
2025-11-29 00:00:00+00:00,DOGEUSDT,0.14837,,0.014858580990647114,0.014798624796151853
2025-11-30 00:00:00+00:00,DOGEUSDT,0.14599,,,0.014798624796151853
2025-12-01 00:00:00+00:00,DOGEUSDT,0.13547,,0.06435304894529682,0.017252817932952344
2025-12-02 00:00:00+00:00,DOGEUSDT,0.14577,0.02884098870914096,,0.01603920867452733
2025-12-03 00:00:00+00:00,DOGEUSDT,0.15166,0.009467955760211427,0.048474878474497586,0.017538974468841534
2025-12-04 00:00:00+00:00,DOGEUSDT,0.14739,0.018261279205518056,,0.017538974468841534
2025-12-05 00:00:00+00:00,DOGEUSDT,0.13956,0.017911973940070595,0.004511806336123489,0.0157322769845281
2025-12-06 00:00:00+00:00,DOGEUSDT,0.13975,0.011315269131383084,0.006027707548780562,0.01435496662477286
2025-12-07 00:00:00+00:00,DOGEUSDT,0.13867,,0.008815794162459457,0.014807919144865728
2025-12-08 00:00:00+00:00,DOGEUSDT,0.14259,0.01079808811958284,0.005047643057951871,0.011933968457353108
2025-12-09 00:00:00+00:00,DOGEUSDT,0.14797,,0.03521179079226614,0.009250787784308953
2025-12-10 00:00:00+00:00,DOGEUSDT,0.14332,,,0.009250787784308954
2025-12-11 00:00:00+00:00,DOGEUSDT,0.14033,,0.01794598598389436,0.009979749472070452
2025-12-12 00:00:00+00:00,DOGEUSDT,0.13692,,0.011069067444431814,0.010814989149886373
2025-12-13 00:00:00+00:00,DOGEUSDT,0.13905,,,0.011759641890603292
2025-12-14 00:00:00+00:00,DOGEUSDT,0.13408,,0.01621950886804382,0.011759641890603292
2025-12-15 00:00:00+00:00,DOGEUSDT,0.12975,,0.026102668070823766,0.011008366809247156
2025-12-16 00:00:00+00:00,DOGEUSDT,0.13179,0.014322472738363784,0.026434415785709816,0.011517590711814149
2025-12-17 00:00:00+00:00,DOGEUSDT,0.12633,0.020494260064016005,,0.010669125035547594
2025-12-18 00:00:00+00:00,DOGEUSDT,0.12207,0.01556722045517503,0.06330743804225654,0.01365216018207751
2025-12-19 00:00:00+00:00,DOGEUSDT,0.13222,0.025963311183325465,0.002500151364693659,0.014927157189861965
2025-12-20 00:00:00+00:00,DOGEUSDT,0.13194,0.024872452455705626,0.006871842214070793,0.015298190017178966
2025-12-21 00:00:00+00:00,DOGEUSDT,0.13112,0.025155134115938473,0.015571703878646204,0.015298190017178966
2025-12-22 00:00:00+00:00,DOGEUSDT,0.13258,0.028115060833889125,0.013745725417631222,0.012683343340653849
2025-12-23 00:00:00+00:00,DOGEUSDT,0.12928,,,0.012683343340653849
2025-12-24 00:00:00+00:00,DOGEUSDT,0.12856,0.02166662506877072,,0.011611802425857676
2025-12-25 00:00:00+00:00,DOGEUSDT,0.12365,0.01694585340326131,0.014155318705810807,0.012339119479613317
2025-12-26 00:00:00+00:00,DOGEUSDT,0.12211,0.02117477367789521,0.012216514194615917,0.01356678216612654
2025-12-27 00:00:00+00:00,DOGEUSDT,0.12435,0.020104455751029746,0.013242420395185734,0.013812029591118657
2025-12-28 00:00:00+00:00,DOGEUSDT,0.12393,0.01976900660803089,0.007493588497521596,0.013359077071025793
2025-12-29 00:00:00+00:00,DOGEUSDT,0.12288,0.0193923368815722,0.014148984475985603,0.014512235190811235
2025-12-30 00:00:00+00:00,DOGEUSDT,0.12336,0.02622373317893333,,0.013373066974458933
2025-12-31 00:00:00+00:00,DOGEUSDT,0.11747,0.024003535638531363,0.02628072881509507,0.0161260607510275
2026-01-01 00:00:00+00:00,DOGEUSDT,0.12683,0.03616606338788905,,0.015397099063266004
2026-01-02 00:00:00+00:00,DOGEUSDT,0.14188,,0.012066802358110341,0.015063124007358568
2026-01-03 00:00:00+00:00,DOGEUSDT,0.14315,,,0.014118471266641648
2026-01-04 00:00:00+00:00,DOGEUSDT,0.14953,,0.04175396851691877,0.014118471266641648
2026-01-05 00:00:00+00:00,DOGEUSDT,0.15171,,0.04225624527338394,0.014525805724661223
2026-01-06 00:00:00+00:00,DOGEUSDT,0.15055,,0.04710297668497682,0.013967768416057534
2026-01-07 00:00:00+00:00,DOGEUSDT,0.14642,,,0.013967768416057534
2026-01-08 00:00:00+00:00,DOGEUSDT,0.14194,,0.03258899586988983,0.010984733269527616
2026-01-09 00:00:00+00:00,DOGEUSDT,0.14071,,0.0037991505612672543,0.009709736261743164
2026-01-10 00:00:00+00:00,DOGEUSDT,0.13965,,0.004403997629937197,0.00933870343442616
2026-01-11 00:00:00+00:00,DOGEUSDT,0.13801,,0.030030209531737115,0.00970712577044427
2026-01-12 00:00:00+00:00,DOGEUSDT,0.13662,,0.008129449260923509,0.011840965592544762
2026-01-13 00:00:00+00:00,DOGEUSDT,0.14828,,0.010796204068902556,0.011840965592544762
2026-01-14 00:00:00+00:00,DOGEUSDT,0.14718,,,0.011412740713026729
2026-01-15 00:00:00+00:00,DOGEUSDT,0.14004,,,0.010685423659271087
2026-01-16 00:00:00+00:00,DOGEUSDT,0.13813,,0.015443566105404993,0.009457760972757865
2026-01-17 00:00:00+00:00,DOGEUSDT,0.13788,,,0.008922642845509813
2026-01-18 00:00:00+00:00,DOGEUSDT,0.13164,,,0.008922642845509813
2026-01-19 00:00:00+00:00,DOGEUSDT,0.12916,,0.043157882887745844,0.010436739762395715
2026-01-20 00:00:00+00:00,DOGEUSDT,0.12336,,0.0453745622055029,0.01163111809173519
2026-01-21 00:00:00+00:00,DOGEUSDT,0.12654,,0.023213441922331702,0.00995210886781327
2026-01-22 00:00:00+00:00,DOGEUSDT,0.12437,,0.030784592186477385,0.010569328111250801
2026-01-23 00:00:00+00:00,DOGEUSDT,0.12477,,0.006717995594682227,0.01006806348934232
2026-01-24 00:00:00+00:00,DOGEUSDT,0.12423,,,0.010845888352626796
2026-01-25 00:00:00+00:00,DOGEUSDT,0.11945,,0.027877280738491703,0.012234210685281447
2026-01-26 00:00:00+00:00,DOGEUSDT,0.12236,0.018778278115220103,,0.011153318585448244
2026-01-27 00:00:00+00:00,DOGEUSDT,0.12619,0.009140953414023854,0.0052250750581455995,0.01137273946750925
2026-01-28 00:00:00+00:00,DOGEUSDT,0.125,0.009440258515729886,,0.01137273946750925
2026-01-29 00:00:00+00:00,DOGEUSDT,0.11728,0.01275854046174392,,0.01137273946750925
2026-01-30 00:00:00+00:00,DOGEUSDT,0.11581,0.011070074063450605,,0.013185293786475805
2026-01-31 00:00:00+00:00,DOGEUSDT,0.10426,0.0076657718902262105,0.018291365975900788,0.013185293786475805
2026-02-01 00:00:00+00:00,DOGEUSDT,0.10426,0.017751897017102437,0.03383430305164281,0.012816871450457698
2026-02-02 00:00:00+00:00,DOGEUSDT,0.10792,0.013722547238178699,0.06198529521300416,0.012263526364735069
2026-02-03 00:00:00+00:00,DOGEUSDT,0.10602,0.01639118775499919,0.0544255663267828,0.012263526364735069
2026-02-04 00:00:00+00:00,DOGEUSDT,0.10383,0.02082959985662503,,0.012263526364735069
2026-02-05 00:00:00+00:00,DOGEUSDT,0.08849,0.015847615747751367,0.0935565088324166,0.016049720411625206
2026-02-06 00:00:00+00:00,DOGEUSDT,0.09848,0.06133131803878058,0.011780322844083552,0.01939786844126683
2026-02-07 00:00:00+00:00,DOGEUSDT,0.09823,0.05860302255967845,0.03499155837804034,0.020543342815583038
2026-02-08 00:00:00+00:00,DOGEUSDT,0.09663,0.05786691260458804,,0.020543342815583038
2026-02-09 00:00:00+00:00,DOGEUSDT,0.09611,0.05812823829984504,0.03256217444290092,0.019395149084345493
2026-02-10 00:00:00+00:00,DOGEUSDT,0.09277,0.058714336265114665,,0.018200770755006018
2026-02-11 00:00:00+00:00,DOGEUSDT,0.09112,0.05635275781416109,0.006393734492964333,0.017126786202359363
2026-02-12 00:00:00+00:00,DOGEUSDT,0.093,0.0563794319533706,0.0016636942214215045,0.016509566958921834
2026-02-13 00:00:00+00:00,DOGEUSDT,0.09667,0.052979079878143966,,0.016509566958921834
2026-02-14 00:00:00+00:00,DOGEUSDT,0.11104,0.03602283212750724,0.0549172372404024,0.018661934470968818
2026-02-15 00:00:00+00:00,DOGEUSDT,0.10269,0.05820099537803962,,0.017273612138314166
2026-02-16 00:00:00+00:00,DOGEUSDT,0.10102,0.055285127853193325,0.04948180674996101,0.01728558761068482
2026-02-17 00:00:00+00:00,DOGEUSDT,0.10066,0.05770390535601445,0.02418243163697085,0.016514347876483166
2026-02-18 00:00:00+00:00,DOGEUSDT,0.09855,0.05792627100080615,,0.016514347876483166
2026-02-19 00:00:00+00:00,DOGEUSDT,0.09837,0.05792079309837449,0.020324103314881447,0.016514347876483166
2026-02-20 00:00:00+00:00,DOGEUSDT,0.10011,0.05803338775429279,0.011414084912604896,0.015362701611028394
2026-02-21 00:00:00+00:00,DOGEUSDT,0.09841,0.059406568365907964,,0.015362701611028394
2026-02-22 00:00:00+00:00,DOGEUSDT,0.09558,0.058282728562072006,0.0054810595937852015,0.015362701611028394
2026-02-23 00:00:00+00:00,DOGEUSDT,0.09266,0.05739525887698894,,0.013401953657495667
2026-02-24 00:00:00+00:00,DOGEUSDT,0.09137,0.056341451024755046,,0.015080068984223602
2026-02-25 00:00:00+00:00,DOGEUSDT,0.10095,0.057896513849401116,0.03052600797331839,0.01754122396154228
2026-02-26 00:00:00+00:00,DOGEUSDT,0.09701,0.06891160787241224,,0.01375502991465214
2026-02-27 00:00:00+00:00,DOGEUSDT,0.09337,0.03165933968455244,,0.01040688188501052
2026-02-28 00:00:00+00:00,DOGEUSDT,0.09405,0.032743786634940625,0.00415948946813362,0.00926140751069431
2026-03-01 00:00:00+00:00,DOGEUSDT,0.0919,0.03335841966570746,0.07032356944078931,0.011585448053569052
2026-03-02 00:00:00+00:00,DOGEUSDT,0.09356,0.03471848356049649,,0.010066386748135253
2026-03-03 00:00:00+00:00,DOGEUSDT,0.08997,0.03712987426380143,0.021649051299459328,0.012831686463759252
2026-03-04 00:00:00+00:00,DOGEUSDT,0.09893,0.04708114459729948,0.03241092687967438,0.01565197580268728
2026-03-05 00:00:00+00:00,DOGEUSDT,0.09356,0.05684813003615889,,0.01565197580268728
2026-03-06 00:00:00+00:00,DOGEUSDT,0.09129,0.05574639829933851,0.0031743601394947857,0.01565197580268728
2026-03-07 00:00:00+00:00,DOGEUSDT,0.08993,0.0649997020242662,5.709158871030037e-05,0.01272178342735582
2026-03-08 00:00:00+00:00,DOGEUSDT,0.08915,0.04691406329283334,,0.01272178342735582
2026-03-09 00:00:00+00:00,DOGEUSDT,0.09049,0.048451708559752824,,0.014152051816169195
2026-03-10 00:00:00+00:00,DOGEUSDT,0.09452,0.046335860581620265,0.019101833185277438,0.014152051816169195
2026-03-11 00:00:00+00:00,DOGEUSDT,0.09288,0.04779334316320781,0.024893451375739766,0.014639147129148286
2026-03-12 00:00:00+00:00,DOGEUSDT,0.09475,0.048449670039290675,,0.014639147129148286
2026-03-13 00:00:00+00:00,DOGEUSDT,0.09596,0.0477946547424201,,0.0139782390756365
2026-03-14 00:00:00+00:00,DOGEUSDT,0.09604,0.04708359379997644,0.0073182150365217104,0.0139782390756365
2026-03-15 00:00:00+00:00,DOGEUSDT,0.09738,0.04796190523739863,,0.0139782390756365
2026-03-16 00:00:00+00:00,DOGEUSDT,0.10304,0.048456618411264585,0.04003084574458063,0.01597569952219687
2026-03-17 00:00:00+00:00,DOGEUSDT,0.10015,0.05320151659709941,,0.014297584195468933
2026-03-18 00:00:00+00:00,DOGEUSDT,0.09526,0.04607091557796316,,0.011836429218150254
2026-03-19 00:00:00+00:00,DOGEUSDT,0.09354,0.034885884788150176,0.01769530751386557,0.012308384248128034
2026-03-20 00:00:00+00:00,DOGEUSDT,0.09416,0.0390199846577375,0.006652484981959432,0.012510394679642383
2026-03-21 00:00:00+00:00,DOGEUSDT,0.09135,0.03882875267378166,,0.012510394679642383
2026-03-22 00:00:00+00:00,DOGEUSDT,0.09015,0.03743868377094946,0.023935516093231177,0.01164970375053061
2026-03-23 00:00:00+00:00,DOGEUSDT,0.09415,0.037778149399279176,,
2024-06-01 00:00:00+00:00,ETHUSDT,3815.82,,0.02031087911698023,
2024-06-02 00:00:00+00:00,ETHUSDT,3780.91,,0.01794924439219318,
2024-06-03 00:00:00+00:00,ETHUSDT,3767.06,,0.010681445812381965,
2024-06-04 00:00:00+00:00,ETHUSDT,3810.23,,,
2024-06-05 00:00:00+00:00,ETHUSDT,3865.99,,0.02166558107250604,
2024-06-06 00:00:00+00:00,ETHUSDT,3813.46,,,
2024-06-07 00:00:00+00:00,ETHUSDT,3678.32,,0.0033107501716174753,
2024-06-08 00:00:00+00:00,ETHUSDT,3681.57,,0.008267522127736623,
2024-06-09 00:00:00+00:00,ETHUSDT,3706.4,,0.007228425183509237,
2024-06-10 00:00:00+00:00,ETHUSDT,3667.85,,,
2024-06-11 00:00:00+00:00,ETHUSDT,3497.33,,0.04753679672730422,
2024-06-12 00:00:00+00:00,ETHUSDT,3560.12,,0.004933396858816257,
2024-06-13 00:00:00+00:00,ETHUSDT,3469.4,,0.01178992876639704,
2024-06-14 00:00:00+00:00,ETHUSDT,3481.8,,,
2024-06-15 00:00:00+00:00,ETHUSDT,3568.74,,,
2024-06-16 00:00:00+00:00,ETHUSDT,3624.41,,0.011809680020935163,
2024-06-17 00:00:00+00:00,ETHUSDT,3511.46,,,
2024-06-18 00:00:00+00:00,ETHUSDT,3483.42,,,
2024-06-19 00:00:00+00:00,ETHUSDT,3560.51,,0.01840693456653888,
2024-06-20 00:00:00+00:00,ETHUSDT,3513.08,,,
2024-06-21 00:00:00+00:00,ETHUSDT,3518.5,,0.006932484195456948,0.007497158316770985
2024-06-22 00:00:00+00:00,ETHUSDT,3495.75,,0.006079858984078432,0.006953622557578751
2024-06-23 00:00:00+00:00,ETHUSDT,3420.91,0.014750730976209263,,0.00649527624329334
2024-06-24 00:00:00+00:00,ETHUSDT,3352.73,0.012835348667520253,0.015114309271943526,0.005934670713268333
2024-06-25 00:00:00+00:00,ETHUSDT,3394.91,0.014958608504132546,0.02334430844305334,0.006353272338070575
2024-06-26 00:00:00+00:00,ETHUSDT,3371.44,0.017221849970537478,0.0012619430740310467,0.005752329788729866
2024-06-27 00:00:00+00:00,ETHUSDT,3450.44,0.01639910784287963,0.029821043193001533,0.006523358877801641
2024-06-28 00:00:00+00:00,ETHUSDT,3380.15,0.020325575192693207,0.00382110999434134,0.00670566794284599
2024-06-29 00:00:00+00:00,ETHUSDT,3378.8,0.019841013882967717,0.004308513079043452,0.007035998396760826
2024-06-30 00:00:00+00:00,ETHUSDT,3438.16,0.019711732132233022,,0.006549585079191599
2024-07-01 00:00:00+00:00,ETHUSDT,3442.2,0.018826419902442087,,0.006549585079191599
2024-07-02 00:00:00+00:00,ETHUSDT,3421.35,0.02057333487435256,,0.005001321839473745
2024-07-03 00:00:00+00:00,ETHUSDT,3295.48,0.014531600148245281,,0.004789506160914833
2024-07-04 00:00:00+00:00,ETHUSDT,3059.7,,,0.004789506160914833
2024-07-05 00:00:00+00:00,ETHUSDT,2981.78,,0.020150132485784518,0.004789506160914833
2024-07-06 00:00:00+00:00,ETHUSDT,3066.83,,0.02990480103451696,0.0066291109195092636
2024-07-07 00:00:00+00:00,ETHUSDT,2931.0,,0.03084825862802648,0.006758241071531504
2024-07-08 00:00:00+00:00,ETHUSDT,3019.01,0.010709384292416562,0.0024864182540327885,0.006758241071531504
2024-07-09 00:00:00+00:00,ETHUSDT,3066.65,,0.01709546773704302,0.006758241071531504
2024-07-10 00:00:00+00:00,ETHUSDT,3101.05,,0.01043951720378845,0.006405052696676921
2024-07-11 00:00:00+00:00,ETHUSDT,3099.57,,0.020252320663531977,0.006639580725091206
2024-07-12 00:00:00+00:00,ETHUSDT,3133.88,,,0.006068155072320782
2024-07-13 00:00:00+00:00,ETHUSDT,3175.93,,,0.006068155072320782
2024-07-14 00:00:00+00:00,ETHUSDT,3245.08,,,0.006068155072320782
2024-07-15 00:00:00+00:00,ETHUSDT,3483.39,,0.02515147410819965,0.00847628843749585
2024-07-16 00:00:00+00:00,ETHUSDT,3444.13,,0.025883879732450685,0.008057686812693608
2024-07-17 00:00:00+00:00,ETHUSDT,3387.05,,0.026193178068331182,0.009036827702369115
2024-07-18 00:00:00+00:00,ETHUSDT,3426.5,,0.02206574953512914,0.00845793765614098
2024-07-19 00:00:00+00:00,ETHUSDT,3503.53,,0.007159828353963732,0.007860941900727777
2024-07-20 00:00:00+00:00,ETHUSDT,3517.5,,0.00855600584804509,0.00784392590397052
2024-07-21 00:00:00+00:00,ETHUSDT,3535.92,,0.030381356972665318,0.009207817097474634
2024-07-22 00:00:00+00:00,ETHUSDT,3439.6,,0.02295231044082042,0.010194555778306922
2024-07-23 00:00:00+00:00,ETHUSDT,3482.51,,0.0003539538738357838,0.011313853321096681
2024-07-24 00:00:00+00:00,ETHUSDT,3335.81,,,0.011313853321096681
2024-07-25 00:00:00+00:00,ETHUSDT,3175.48,,0.01852851503445539,0.012628878478218794
2024-07-26 00:00:00+00:00,ETHUSDT,3274.61,0.01883129286898237,0.016597452087048957,0.013426155309326126
2024-07-27 00:00:00+00:00,ETHUSDT,3249.01,0.016616754991291526,0.018649690411213723,0.011586550550731697
2024-07-28 00:00:00+00:00,ETHUSDT,3270.16,0.006339258104919691,,0.010260208692335456
2024-07-29 00:00:00+00:00,ETHUSDT,3317.66,,0.020990088284877355,0.010260208692335456
2024-07-30 00:00:00+00:00,ETHUSDT,3279.21,,0.027790591428015217,0.010441225699694516
2024-07-31 00:00:00+00:00,ETHUSDT,3232.74,,,0.010441225699694518
2024-08-01 00:00:00+00:00,ETHUSDT,3203.4,,0.01802677772828689,0.01230998673621856
2024-08-02 00:00:00+00:00,ETHUSDT,2989.61,,,0.01230998673621856
2024-08-03 00:00:00+00:00,ETHUSDT,2903.64,,,0.01230998673621856
2024-08-04 00:00:00+00:00,ETHUSDT,2688.92,,,0.01230998673621856
2024-08-05 00:00:00+00:00,ETHUSDT,2419.59,,0.01588047333697352,0.009901853371043491
2024-08-06 00:00:00+00:00,ETHUSDT,2461.33,,0.0320941452447387,0.009901853371043491
2024-08-07 00:00:00+00:00,ETHUSDT,2342.8,,0.05694704860975167,0.013291501400369292
2024-08-08 00:00:00+00:00,ETHUSDT,2682.5,0.012263822252115034,0.025436915339391658,0.016535873581893096
2024-08-09 00:00:00+00:00,ETHUSDT,2598.78,0.029960158589876513,0.013325720585714866,0.017220704368947397
2024-08-10 00:00:00+00:00,ETHUSDT,2609.92,0.033091396269831076,0.011628069759045989,0.016852547249822877
2024-08-11 00:00:00+00:00,ETHUSDT,2555.38,0.03451500502627319,0.05508091271017839,0.018152756663913836
2024-08-12 00:00:00+00:00,ETHUSDT,2722.3,0.035071782432520314,0.02804361142995096,0.019564474265218294
2024-08-13 00:00:00+00:00,ETHUSDT,2702.44,0.033100975317120716,0.02369820207232606,0.01844517672242853
2024-08-14 00:00:00+00:00,ETHUSDT,2661.45,0.030776162042607108,,0.01844517672242853
2024-08-15 00:00:00+00:00,ETHUSDT,2569.89,0.034260714790044916,0.01802979279816236,0.01795358034798979
2024-08-16 00:00:00+00:00,ETHUSDT,2592.73,0.030794814887661413,0.00950744624914908,0.017156303516882458
2024-08-17 00:00:00+00:00,ETHUSDT,2614.51,0.02996482336719827,0.0018557733484044212,0.017156303516882458
2024-08-18 00:00:00+00:00,ETHUSDT,2612.15,0.02951204984350657,0.0012024063029444842,0.017156303516882458
2024-08-19 00:00:00+00:00,ETHUSDT,2636.36,0.030303023674418405,0.021929924046556422,0.01786297057461261
2024-08-20 00:00:00+00:00,ETHUSDT,2572.82,0.03112761064181414,0.02836384263756978,0.01903278665235627
2024-08-21 00:00:00+00:00,ETHUSDT,2630.71,0.03249340403286535,0.01251224765399468,0.019860562502296362
2024-08-22 00:00:00+00:00,ETHUSDT,2622.88,0.03180229286789478,,0.017757273437358036
2024-08-23 00:00:00+00:00,ETHUSDT,2762.48,0.030435119763501006,,0.017757273437358036
2024-08-24 00:00:00+00:00,ETHUSDT,2768.0,0.03455716078106138,0.01566910287553155,0.017757273437358036
2024-08-25 00:00:00+00:00,ETHUSDT,2746.13,0.04000114821466199,,0.017757273437358036
2024-08-26 00:00:00+00:00,ETHUSDT,2680.49,0.05668765549712862,,0.017757273437358036
2024-08-27 00:00:00+00:00,ETHUSDT,2457.33,0.04908919215711491,0.028446808961634068,0.01963595048802441
2024-08-28 00:00:00+00:00,ETHUSDT,2528.33,0.05231162655973589,,0.01487674827905768
2024-08-29 00:00:00+00:00,ETHUSDT,2527.61,0.036872507962671094,,0.01144023705469023
2024-08-30 00:00:00+00:00,ETHUSDT,2526.0,0.023667710459958625,0.006756141488521375,0.011569174055704514
2024-08-31 00:00:00+00:00,ETHUSDT,2513.01,0.02294613364303375,,0.011578348229370492
2024-09-01 00:00:00+00:00,ETHUSDT,2425.72,0.021921058186494688,0.01786841537450814,0.010712404750768352
2024-09-02 00:00:00+00:00,ETHUSDT,2538.01,0.02343557969422347,0.04554928473982044,0.010224664571797853
2024-09-03 00:00:00+00:00,ETHUSDT,2425.29,0.030086353782329704,,0.010224664571797853
2024-09-04 00:00:00+00:00,ETHUSDT,2450.71,0.032172667708703924,0.03466082875846077,0.012149643741756276
2024-09-05 00:00:00+00:00,ETHUSDT,2368.81,0.03452497886702278,,0.011326214959072907
2024-09-06 00:00:00+00:00,ETHUSDT,2225.23,0.027560013716218842,0.01640818978524619,0.013246583394954521
2024-09-07 00:00:00+00:00,ETHUSDT,2273.58,0.03358508873697303,0.017786728482105628,0.013246583394954521
2024-09-08 00:00:00+00:00,ETHUSDT,2297.3,0.032393570411288174,0.0024345476301601294,0.013246583394954521
2024-09-09 00:00:00+00:00,ETHUSDT,2359.5,0.030935874654090673,0.0075614224971675935,0.012539916337224368
2024-09-10 00:00:00+00:00,ETHUSDT,2388.52,0.028098454222790795,0.015040959292697904,0.01279599861523932
2024-09-11 00:00:00+00:00,ETHUSDT,2340.55,0.027106139907875405,0.021519740493036458,0.011968222765299227
2024-09-12 00:00:00+00:00,ETHUSDT,2361.76,0.02814374538445987,,0.011968222765299227
2024-09-13 00:00:00+00:00,ETHUSDT,2439.19,0.026655928175032772,0.015101150017776075,0.013329072616544894
2024-09-14 00:00:00+00:00,ETHUSDT,2417.79,0.02870778016325396,0.00289069170367401,0.014283324266042967
2024-09-15 00:00:00+00:00,ETHUSDT,2316.1,0.02836021725890344,,0.014283324266042967
2024-09-16 00:00:00+00:00,ETHUSDT,2295.68,0.028258304033419748,0.014292991948790686,0.014283324266042967
2024-09-17 00:00:00+00:00,ETHUSDT,2341.8,0.03277296269955279,0.03448183487319206,0.013012690782904204
2024-09-18 00:00:00+00:00,ETHUSDT,2374.75,0.021930966419416175,,0.013012690782904204
2024-09-19 00:00:00+00:00,ETHUSDT,2465.21,0.01900139011988443,,0.013012690782904204
2024-09-20 00:00:00+00:00,ETHUSDT,2561.4,0.007527364255394647,,0.01219892299483562
2024-09-21 00:00:00+00:00,ETHUSDT,2612.4,,0.033220337978709484,0.013387921971421003
2024-09-22 00:00:00+00:00,ETHUSDT,2581.0,0.004093840944556711,0.016602939882025426,0.01158976484242807
2024-09-23 00:00:00+00:00,ETHUSDT,2646.97,,0.016708439109188747,0.01043138029864156
2024-09-24 00:00:00+00:00,ETHUSDT,2653.2,,0.021880572102093463,0.011509782643631691
2024-09-25 00:00:00+00:00,ETHUSDT,2579.95,,0.037831237469472645,0.010783378305710653
2024-09-26 00:00:00+00:00,ETHUSDT,2632.26,,,0.010783378305710653
2024-09-27 00:00:00+00:00,ETHUSDT,2694.43,,0.011118658865682017,0.009574589877398601
2024-09-28 00:00:00+00:00,ETHUSDT,2675.21,,0.0017872326968900246,0.009574589877398601
2024-09-29 00:00:00+00:00,ETHUSDT,2657.62,,,0.00980314896765024
2024-09-30 00:00:00+00:00,ETHUSDT,2602.23,,0.009765854764893016,0.00980314896765024
2024-10-01 00:00:00+00:00,ETHUSDT,2447.79,,,0.008196233604532569
2024-10-02 00:00:00+00:00,ETHUSDT,2364.1,,,0.008196233604532569
2024-10-03 00:00:00+00:00,ETHUSDT,2349.8,,0.007162779171491473,0.008843291082832447
2024-10-04 00:00:00+00:00,ETHUSDT,2414.41,,0.006843976163118985,0.007935862615551122
2024-10-05 00:00:00+00:00,ETHUSDT,2414.66,,,0.006981610966053049
2024-10-06 00:00:00+00:00,ETHUSDT,2440.03,,0.010506879123278383,0.006981610966053049
2024-10-07 00:00:00+00:00,ETHUSDT,2422.71,,0.01515209509707412,0.0077869752288683355
2024-10-08 00:00:00+00:00,ETHUSDT,2440.89,,0.016177838949128453,0.007745909823087533
2024-10-09 00:00:00+00:00,ETHUSDT,2370.47,,0.009432599863660749,0.008326380093908759
2024-10-10 00:00:00+00:00,ETHUSDT,2386.49,,,0.008326380093908759
2024-10-11 00:00:00+00:00,ETHUSDT,2439.5,,,0.008326380093908759
2024-10-12 00:00:00+00:00,ETHUSDT,2476.4,,0.0177255883261461,0.007600206005137028
2024-10-13 00:00:00+00:00,ETHUSDT,2468.91,,,0.007600206005137028
2024-10-14 00:00:00+00:00,ETHUSDT,2629.79,,0.012801374362312415,0.00825990333425601
2024-10-15 00:00:00+00:00,ETHUSDT,2607.41,,0.010254952886729242,0.00743334625027282
2024-10-16 00:00:00+00:00,ETHUSDT,2611.1,,0.01927528899729148,0.006304801076851816
2024-10-17 00:00:00+00:00,ETHUSDT,2605.8,,0.006851809772016974,0.006786016719595228
2024-10-18 00:00:00+00:00,ETHUSDT,2642.17,,0.005818678294103193,0.006074436712025667
2024-10-19 00:00:00+00:00,ETHUSDT,2648.2,,,0.006074436712025667
2024-10-20 00:00:00+00:00,ETHUSDT,2746.91,,0.03065560912608684,0.007318373384795439
2024-10-21 00:00:00+00:00,ETHUSDT,2666.7,,,0.007318373384795439
2024-10-22 00:00:00+00:00,ETHUSDT,2622.81,,,0.007318373384795439
2024-10-23 00:00:00+00:00,ETHUSDT,2524.61,0.013381736095278068,0.008005066832088997,0.007750949284013141
2024-10-24 00:00:00+00:00,ETHUSDT,2535.82,0.016110719486021045,0.007583989765635623,0.007402706344087383
2024-10-25 00:00:00+00:00,ETHUSDT,2440.62,0.014856593196347509,0.015498975173880334,0.008115376950724661
2024-10-26 00:00:00+00:00,ETHUSDT,2482.51,0.018615430253202305,0.0027348214299578685,0.008115376950724661
2024-10-27 00:00:00+00:00,ETHUSDT,2507.8,0.01779419242727598,0.008454979708842127,0.008115376950724661
2024-10-28 00:00:00+00:00,ETHUSDT,2567.48,0.01618574673171923,,0.007310012687909375
2024-10-29 00:00:00+00:00,ETHUSDT,2638.8,0.012263605983542156,0.010007672124683212,0.006743034526162567
2024-10-30 00:00:00+00:00,ETHUSDT,2659.19,0.010329030049093989,,0.006162564255341341
2024-10-31 00:00:00+00:00,ETHUSDT,2518.61,0.011158521206941156,0.0029792537012231514,0.007021373712292955
2024-11-01 00:00:00+00:00,ETHUSDT,2511.49,0.008904976561322563,0.01118513741898067,0.007021373712292955
2024-11-02 00:00:00+00:00,ETHUSDT,2494.23,0.011332296286483783,,0.006443907099031918
2024-11-03 00:00:00+00:00,ETHUSDT,2457.73,0.009833418752420896,0.019436488103605452,0.006921232358800348
2024-11-04 00:00:00+00:00,ETHUSDT,2398.21,,0.032515553210265405,0.006627640696103869
2024-11-05 00:00:00+00:00,ETHUSDT,2422.55,,,0.007677342450837235
2024-11-06 00:00:00+00:00,ETHUSDT,2721.87,,,0.007607312792220855
2024-11-07 00:00:00+00:00,ETHUSDT,2895.47,,,0.007126097149477444
2024-11-08 00:00:00+00:00,ETHUSDT,2961.75,,,0.007126097149477444
2024-11-09 00:00:00+00:00,ETHUSDT,3126.21,,,0.007126097149477444
2024-11-10 00:00:00+00:00,ETHUSDT,3183.21,,0.012665411369168659,0.00565360138645603
2024-11-11 00:00:00+00:00,ETHUSDT,3371.59,,0.021671965061686563,0.007914033197611763
2024-11-12 00:00:00+00:00,ETHUSDT,3243.8,,,0.007914033197611763
2024-11-13 00:00:00+00:00,ETHUSDT,3187.16,,,0.007481457298394062
2024-11-14 00:00:00+00:00,ETHUSDT,3058.82,,0.012706785036066828,0.008155590471148874
2024-11-15 00:00:00+00:00,ETHUSDT,3090.01,,,0.006989498480547254
2024-11-16 00:00:00+00:00,ETHUSDT,3132.87,,0.00786828129331957,0.006989498480547254
2024-11-17 00:00:00+00:00,ETHUSDT,3076.0,,0.02059524041957746,0.008106735551888095
2024-11-18 00:00:00+00:00,ETHUSDT,3207.8,,0.045499063777186086,0.010160622258614804
2024-11-19 00:00:00+00:00,ETHUSDT,3107.44,,0.008588194775355183,0.010160622258614804
2024-11-20 00:00:00+00:00,ETHUSDT,3069.97,,0.016053098890352346,0.011890297431475532
2024-11-21 00:00:00+00:00,ETHUSDT,3355.81,,,0.012405849377320784
2024-11-22 00:00:00+00:00,ETHUSDT,3327.78,,0.007222048976509148,0.013296138197875604
2024-11-23 00:00:00+00:00,ETHUSDT,3393.91,,0.024357812658033107,0.013296138197875604
2024-11-24 00:00:00+00:00,ETHUSDT,3361.2,,0.02425688561627407,0.013223932160253556
2024-11-25 00:00:00+00:00,ETHUSDT,3414.49,,0.02126973046760302,0.01210549493445132
2024-11-26 00:00:00+00:00,ETHUSDT,3324.73,,0.003131263507289346,0.012810988711762025
2024-11-27 00:00:00+00:00,ETHUSDT,3653.28,0.013587620285490161,0.01448437985626335,0.015401025430510371
2024-11-28 00:00:00+00:00,ETHUSDT,3578.79,0.04147328240406619,0.028383498406769382,0.015772385021363355
2024-11-29 00:00:00+00:00,ETHUSDT,3592.21,0.042554378361719915,0.0002789678597014848,0.015772385021363355
2024-11-30 00:00:00+00:00,ETHUSDT,3703.6,0.04421219790206447,0.008598553163480693,0.015943034224244885
2024-12-01 00:00:00+00:00,ETHUSDT,3707.61,0.045585564212331724,0.011520705533665644,0.016352934194397668
2024-12-02 00:00:00+00:00,ETHUSDT,3643.42,0.04643334537273958,0.004646790205390638,0.014092502383241936
2024-12-03 00:00:00+00:00,ETHUSDT,3614.51,0.0406352198119254,,0.014092502383241936
2024-12-04 00:00:00+00:00,ETHUSDT,3837.8,0.04465865541916584,0.03108172121536093,0.015246982261793027
2024-12-05 00:00:00+00:00,ETHUSDT,3785.2,0.04990155089110704,0.004242158418173639,0.015876065595923455
2024-12-06 00:00:00+00:00,ETHUSDT,3998.87,0.052005575989784995,0.0030264316348187935,0.016206058590917678
2024-12-07 00:00:00+00:00,ETHUSDT,3996.22,0.053049867848553,0.004236689972952864,0.0162431760327688
2024-12-08 00:00:00+00:00,ETHUSDT,4004.15,0.05270363598176477,,0.017410040084114124
2024-12-09 00:00:00+00:00,ETHUSDT,3712.0,0.049085047658385374,0.044899451998536274,0.015356153377387409
2024-12-10 00:00:00+00:00,ETHUSDT,3628.25,0.040566572626886774,0.03776349241333944,0.0163023958464952
2024-12-11 00:00:00+00:00,ETHUSDT,3831.81,0.045646428096982695,,0.014572720673634475
2024-12-12 00:00:00+00:00,ETHUSDT,3881.61,0.04131330479691618,0.019844233154040533,0.01359861141321548
2024-12-13 00:00:00+00:00,ETHUSDT,3906.8,0.03815523746695162,0.014302397550485058,0.012708322592660658
2024-12-14 00:00:00+00:00,ETHUSDT,3870.29,0.037593220546543044,0.02313144789269056,0.013233338113104889
2024-12-15 00:00:00+00:00,ETHUSDT,3959.09,0.03770765200646815,,0.012828218890958507
2024-12-16 00:00:00+00:00,ETHUSDT,3986.24,0.037376362181915146,0.022169482128035593,0.012828218890958507
2024-12-17 00:00:00+00:00,ETHUSDT,3893.01,0.03656226516270282,,0.010821178097907497
2024-12-18 00:00:00+00:00,ETHUSDT,3626.8,0.015995491755045173,,0.00823114137915915
2024-12-19 00:00:00+00:00,ETHUSDT,3417.01,,,0.007859781788306165
2024-12-20 00:00:00+00:00,ETHUSDT,3472.21,,0.014652155100216835,0.010508340212301012
2024-12-21 00:00:00+00:00,ETHUSDT,3338.92,,,0.010337691009419479
2024-12-22 00:00:00+00:00,ETHUSDT,3281.83,,0.043440041247055416,0.011107645576205576
2024-12-23 00:00:00+00:00,ETHUSDT,3422.53,,,0.011107645576205576
2024-12-24 00:00:00+00:00,ETHUSDT,3493.18,,0.014296329589042618,0.011107645576205576
2024-12-25 00:00:00+00:00,ETHUSDT,3497.0,,,0.010398462375590523
2024-12-26 00:00:00+00:00,ETHUSDT,3335.05,,0.02956674931677423,0.010320733408507593
2024-12-27 00:00:00+00:00,ETHUSDT,3333.51,,0.026017436780221753,0.011164750947138372
2024-12-28 00:00:00+00:00,ETHUSDT,3404.0,,0.02253438890460986,0.012013748354363397
2024-12-29 00:00:00+00:00,ETHUSDT,3356.48,,0.01886817186622165,0.010116974474970772
2024-12-30 00:00:00+00:00,ETHUSDT,3361.84,,0.03112256543351831,0.010499266188051767
2024-12-31 00:00:00+00:00,ETHUSDT,3337.78,,0.008305702878226465,0.010036261390526251
2025-01-01 00:00:00+00:00,ETHUSDT,3360.38,,,0.010036261390526251
2025-01-02 00:00:00+00:00,ETHUSDT,3455.67,,,0.009636009248148383
2025-01-03 00:00:00+00:00,ETHUSDT,3609.01,,,0.009636009248148383
2025-01-04 00:00:00+00:00,ETHUSDT,3656.88,,0.016960627954519466,0.009849121089518494
2025-01-05 00:00:00+00:00,ETHUSDT,3635.99,,0.003975263333115993,0.009849121089518494
2025-01-06 00:00:00+00:00,ETHUSDT,3687.45,,,0.010922043503063108
2025-01-07 00:00:00+00:00,ETHUSDT,3381.31,,,0.010922043503063108
2025-01-08 00:00:00+00:00,ETHUSDT,3327.29,,0.022200717705903726,0.011931939107401
2025-01-09 00:00:00+00:00,ETHUSDT,3219.2,,0.02803852814079814,0.01303921884805181
2025-01-10 00:00:00+00:00,ETHUSDT,3267.04,,0.026478038846220943,0.010390660424056963
2025-01-11 00:00:00+00:00,ETHUSDT,3282.83,,0.01837350933481446,0.01089348260315615
2025-01-12 00:00:00+00:00,ETHUSDT,3267.3,,0.004788177893411341,0.010528640341199063
2025-01-13 00:00:00+00:00,ETHUSDT,3137.51,,0.014839077691249465,0.010528640341199063
2025-01-14 00:00:00+00:00,ETHUSDT,3225.63,,,0.010528640341199063
2025-01-15 00:00:00+00:00,ETHUSDT,3451.52,,0.04279012779420687,0.01304839466588107
2025-01-16 00:00:00+00:00,ETHUSDT,3308.05,0.006468034003775057,0.023344436651170183,0.013677473766783669
2025-01-17 00:00:00+00:00,ETHUSDT,3473.63,0.02137133106938767,0.032693250759337315,0.014792022462188779
2025-01-18 00:00:00+00:00,ETHUSDT,3307.71,0.030411081528022216,0.03724679366183084,0.01390590761311263
2025-01-19 00:00:00+00:00,ETHUSDT,3215.12,0.024720264214596582,0.08920789967311306,0.01571402817456253
2025-01-20 00:00:00+00:00,ETHUSDT,3284.0,0.02692232175534313,0.02970748548397504,0.015438487512913369
2025-01-21 00:00:00+00:00,ETHUSDT,3327.54,0.02564694917855761,0.039373686002098326,0.016044708894463394
2025-01-22 00:00:00+00:00,ETHUSDT,3242.6,0.026768376285405807,0.026316732767087236,0.017042502093024974
2025-01-23 00:00:00+00:00,ETHUSDT,3338.21,0.03025348127654857,,0.017042502093024974
2025-01-24 00:00:00+00:00,ETHUSDT,3310.09,0.03498528839446977,0.009930387430495811,0.017042502093024974
2025-01-25 00:00:00+00:00,ETHUSDT,3318.77,0.037339394758122695,0.017013242653528018,0.016730270770777444
2025-01-26 00:00:00+00:00,ETHUSDT,3232.61,0.03770512249072819,,0.016730270770777444
2025-01-27 00:00:00+00:00,ETHUSDT,3182.44,0.0371427555938486,0.04868667265839147,0.01716268527175918
2025-01-28 00:00:00+00:00,ETHUSDT,3077.72,0.03159606586344931,0.03153255990541579,0.018568096419234112
2025-01-29 00:00:00+00:00,ETHUSDT,3113.9,0.0358205742336342,0.0016335883519125538,0.018055938454297458
2025-01-30 00:00:00+00:00,ETHUSDT,3247.39,0.03502122748821595,,0.016948658713646654
2025-01-31 00:00:00+00:00,ETHUSDT,3300.99,0.03159080483165148,,0.016948658713646654
2025-02-01 00:00:00+00:00,ETHUSDT,3117.54,0.03454663099528176,,0.016445836534547464
2025-02-02 00:00:00+00:00,ETHUSDT,2869.68,0.01761983362484221,,0.015630824259565673
2025-02-03 00:00:00+00:00,ETHUSDT,2879.9,0.021209362853567025,0.0319815676501917,0.023183500219731295
2025-02-04 00:00:00+00:00,ETHUSDT,2731.19,0.017113393378803524,0.026310092157279214,0.024177495353826323
2025-02-05 00:00:00+00:00,ETHUSDT,2788.25,0.033007400477433904,0.03224892548845257,0.022227172175869038
2025-02-06 00:00:00+00:00,ETHUSDT,2686.64,0.027440313142416718,0.013068682236615895,0.020073790996790013
2025-02-07 00:00:00+00:00,ETHUSDT,2622.1,0.017091434841586782,0.011940254607189511,0.018424110162843028
2025-02-08 00:00:00+00:00,ETHUSDT,2632.46,,0.015025180972547394,0.018813809053283136
2025-02-09 00:00:00+00:00,ETHUSDT,2627.18,,0.040759530823635974,0.01679395127311508
2025-02-10 00:00:00+00:00,ETHUSDT,2661.19,,0.04349594586850635,0.017662595799200424
2025-02-11 00:00:00+00:00,ETHUSDT,2602.59,0.00674314575630035,0.04683443271205968,0.01837732472643997
2025-02-12 00:00:00+00:00,ETHUSDT,2738.27,0.01035156420925114,0.03486893951725822,0.0195466091286319
2025-02-13 00:00:00+00:00,ETHUSDT,2675.87,0.012313272889074191,0.012029958383243096,0.020273023761497255
2025-02-14 00:00:00+00:00,ETHUSDT,2725.95,0.015518589894801342,0.017255067819200682,0.020273023761497255
2025-02-15 00:00:00+00:00,ETHUSDT,2693.04,0.016087675219896812,0.018175242953790725,0.01984712772193044
2025-02-16 00:00:00+00:00,ETHUSDT,2661.41,0.01472694904013039,0.012096970173173646,0.021514609845882476
2025-02-17 00:00:00+00:00,ETHUSDT,2744.05,0.016093694826857685,0.014839330270414211,0.020441213870481256
2025-02-18 00:00:00+00:00,ETHUSDT,2671.99,0.021248976367119157,0.017940681722210708,0.01953279256630393
2025-02-19 00:00:00+00:00,ETHUSDT,2715.5,0.02107247663611113,,0.01903505492690269
2025-02-20 00:00:00+00:00,ETHUSDT,2738.04,0.0235284131915775,0.007583616500093672,0.01903505492690269
2025-02-21 00:00:00+00:00,ETHUSDT,2663.0,0.02938519037043896,0.037227698803118436,0.02128472774406102
2025-02-22 00:00:00+00:00,ETHUSDT,2763.22,0.027917913716366663,,0.02128472774406102
2025-02-23 00:00:00+00:00,ETHUSDT,2819.69,0.03675218589422711,,0.023236875315299128
2025-02-24 00:00:00+00:00,ETHUSDT,2513.52,0.04194600124220182,,0.015684199355133502
2025-02-25 00:00:00+00:00,ETHUSDT,2495.7,0.040648317811865474,0.05581299228602245,0.018351321495620358
2025-02-26 00:00:00+00:00,ETHUSDT,2336.37,0.03706953996011944,0.019708786949693295,0.017336593670959594
2025-02-27 00:00:00+00:00,ETHUSDT,2307.72,0.03408833988390072,,0.018098869031894532
2025-02-28 00:00:00+00:00,ETHUSDT,2237.59,0.03521342874503441,0.040463395684430796,0.018958262186821045
2025-03-01 00:00:00+00:00,ETHUSDT,2217.39,0.03455968676661915,,0.018568563296380933
2025-03-02 00:00:00+00:00,ETHUSDT,2518.11,0.035122711342099745,0.1192077327866757,0.025825210669528025
2025-03-03 00:00:00+00:00,ETHUSDT,2149.01,0.07264325994526989,,0.024849815092010848
2025-03-04 00:00:00+00:00,ETHUSDT,2171.51,0.07636934093340658,,0.023045627111639003
2025-03-05 00:00:00+00:00,ETHUSDT,2241.59,0.07427181188246432,0.02271951485777761,0.020878549510885493
2025-03-06 00:00:00+00:00,ETHUSDT,2202.2,0.07362612262596419,,0.020152134878020138
2025-03-07 00:00:00+00:00,ETHUSDT,2141.6,0.07288813373518241,0.05228977736024344,0.021560729805007787
2025-03-08 00:00:00+00:00,ETHUSDT,2203.58,0.07375711186273914,0.013116083989804383,0.02421534328431903
2025-03-09 00:00:00+00:00,ETHUSDT,2020.41,0.07764989740201363,0.006050629658604048,0.022547861160366996
2025-03-10 00:00:00+00:00,ETHUSDT,1865.1,0.07110466480882136,0.004965887502221513,0.022115920221241862
2025-03-11 00:00:00+00:00,ETHUSDT,1923.43,0.07470770909103065,0.04672535580734524,0.023866239497374975
2025-03-12 00:00:00+00:00,ETHUSDT,1908.2,0.07375616821385879,0.03475169741227824,0.025019546229739936
2025-03-13 00:00:00+00:00,ETHUSDT,1864.59,0.07494241474900007,0.010071556534187495,0.025862440572982075
2025-03-14 00:00:00+00:00,ETHUSDT,1911.65,0.07488411422045942,0.00487310141353496,0.023612767755823744
2025-03-15 00:00:00+00:00,ETHUSDT,1937.17,0.07241920020611725,,0.024401626588190176
2025-03-16 00:00:00+00:00,ETHUSDT,1887.0,0.07550433477043504,0.020496484306336618,0.023428872442603516
2025-03-17 00:00:00+00:00,ETHUSDT,1926.31,0.07073371913362235,0.020898196132553594,0.024187670950528366
2025-03-18 00:00:00+00:00,ETHUSDT,1931.54,0.06918972672953276,,0.020526553675946486
2025-03-19 00:00:00+00:00,ETHUSDT,2056.06,0.06715479524684458,0.04916488134859557,0.022985209365492247
2025-03-20 00:00:00+00:00,ETHUSDT,1983.79,0.07065300260485438,,0.02222293400455731
2025-03-21 00:00:00+00:00,ETHUSDT,1965.75,0.07074673232710108,0.0043280246688400465,0.020932036639755534
2025-03-22 00:00:00+00:00,ETHUSDT,1980.69,0.07090542544304691,0.005535181981416155,0.021371312701474986
2025-03-23 00:00:00+00:00,ETHUSDT,2005.99,0.0698776717496795,0.008080871255183416,0.013939075303752511
2025-03-24 00:00:00+00:00,ETHUSDT,2081.2,0.02414265384677052,0.01590348486901682,0.015047957037864781
2025-03-25 00:00:00+00:00,ETHUSDT,2066.15,0.01587065184105226,,0.015047957037864778
2025-03-26 00:00:00+00:00,ETHUSDT,2009.52,0.017728031206542053,0.0147620275957734,0.01538747811833461
2025-03-27 00:00:00+00:00,ETHUSDT,2003.66,0.015231650854888746,,0.015387478118334614
2025-03-28 00:00:00+00:00,ETHUSDT,1896.9,0.017601052473478346,,0.013978883191346965
2025-03-29 00:00:00+00:00,ETHUSDT,1828.08,,,0.011324269712035718
2025-03-30 00:00:00+00:00,ETHUSDT,1807.74,,0.03430804566061571,0.011379979861870285
2025-03-31 00:00:00+00:00,ETHUSDT,1822.43,0.022130024163161687,,0.011379979861870285
2025-04-01 00:00:00+00:00,ETHUSDT,1904.98,,0.04070734801581595,0.01091163671750653
2025-04-02 00:00:00+00:00,ETHUSDT,1795.22,0.01957834799095352,,0.010352619223408068
2025-04-03 00:00:00+00:00,ETHUSDT,1817.23,0.02395938870609197,0.0365489984444051,0.010581525096444486
2025-04-04 00:00:00+00:00,ETHUSDT,1816.87,0.021372615660863403,0.030176713156093514,0.01167201162043537
2025-04-05 00:00:00+00:00,ETHUSDT,1806.01,0.023327110624153543,,0.012901738414664925
2025-04-06 00:00:00+00:00,ETHUSDT,1580.76,0.0199777904686707,,0.011922344989013471
2025-04-07 00:00:00+00:00,ETHUSDT,1553.04,0.008036174185606683,0.09577800318352113,0.012944590726586188
2025-04-08 00:00:00+00:00,ETHUSDT,1473.41,0.009035707495704518,0.07589728943626056,0.016436975306090458
2025-04-09 00:00:00+00:00,ETHUSDT,1669.51,0.03758308986607708,0.08937898854332345,0.021063567832117682
2025-04-10 00:00:00+00:00,ETHUSDT,1522.25,0.05710747151354163,0.028636074892820176,0.02314693193877381
2025-04-11 00:00:00+00:00,ETHUSDT,1566.85,0.06250384395871032,,0.02293955775356595
2025-04-12 00:00:00+00:00,ETHUSDT,1644.18,0.05869281804303829,0.04211474830019476,0.024739968980942478
2025-04-13 00:00:00+00:00,ETHUSDT,1597.76,0.06116611847217091,0.0008056866717061656,0.025828479470916276
2025-04-14 00:00:00+00:00,ETHUSDT,1623.77,0.06373032457461678,0.02284731052415712,0.02471959773680401
2025-04-15 00:00:00+00:00,ETHUSDT,1588.78,0.06451086326892796,,0.02471959773680401
2025-04-16 00:00:00+00:00,ETHUSDT,1577.14,0.06446055692617567,0.020942822608414974,0.024380076656334175
2025-04-17 00:00:00+00:00,ETHUSDT,1583.62,0.06414099021765708,0.009818689813479817,0.0246569969900456
2025-04-18 00:00:00+00:00,ETHUSDT,1588.6,0.06322993533283018,,0.0246569969900456
2025-04-19 00:00:00+00:00,ETHUSDT,1613.27,0.06485972761821411,0.007411177452709581,0.02526774609189913
2025-04-20 00:00:00+00:00,ETHUSDT,1587.36,0.06544459556233491,0.02162559052179983,0.025844778049825053
2025-04-21 00:00:00+00:00,ETHUSDT,1579.57,0.06535486863514907,0.02757552024294958,0.02868633336709733
2025-04-22 00:00:00+00:00,ETHUSDT,1756.26,0.06618863276515664,,0.02690736739203036
2025-04-23 00:00:00+00:00,ETHUSDT,1795.07,0.057279672741874205,0.011391549122174252,0.027042801345174238
2025-04-24 00:00:00+00:00,ETHUSDT,1769.65,0.056556468218787154,0.02048787747589557,0.02597100112889568
2025-04-25 00:00:00+00:00,ETHUSDT,1784.6,0.0568036500790238,0.007661415431904562,0.024880514604904792
2025-04-26 00:00:00+00:00,ETHUSDT,1820.88,0.05645443319438024,0.025876875748856033,0.023081832437176857
2025-04-27 00:00:00+00:00,ETHUSDT,1791.29,0.05851447901777217,,0.023081832437176857
2025-04-28 00:00:00+00:00,ETHUSDT,1799.88,0.0638502239927817,0.007739725038666211,0.0213007881916793
2025-04-29 00:00:00+00:00,ETHUSDT,1797.81,0.06609151978673472,,0.01780840361217503
2025-04-30 00:00:00+00:00,ETHUSDT,1793.61,0.05393084250998465,,0.010723155396602041
2025-05-01 00:00:00+00:00,ETHUSDT,1838.11,0.02460209757642422,0.024396195101547644,0.008639791289945912
2025-05-02 00:00:00+00:00,ETHUSDT,1842.2,0.014933545110048345,0.011492520468140399,0.008762011506097336
2025-05-03 00:00:00+00:00,ETHUSDT,1833.52,0.019511207290487196,0.018230825312182976,0.006812447502675714
2025-05-04 00:00:00+00:00,ETHUSDT,1808.86,0.007261119215783328,0.002293436052786692,0.005723937012701917
2025-05-05 00:00:00+00:00,ETHUSDT,1820.19,,0.006093795632303137,0.006818326497384445
2025-05-06 00:00:00+00:00,ETHUSDT,1817.0,,,0.006818326497384445
2025-05-07 00:00:00+00:00,ETHUSDT,1811.11,,,0.008728264131258167
2025-05-08 00:00:00+00:00,ETHUSDT,2207.39,0.019262038061910628,,0.008451343797546739
2025-05-09 00:00:00+00:00,ETHUSDT,2345.04,,0.0011664125238511653,0.008451343797546739
2025-05-10 00:00:00+00:00,ETHUSDT,2583.23,,0.03787013096963827,0.011221995580723607
2025-05-11 00:00:00+00:00,ETHUSDT,2514.57,,0.05751480698830023,0.01058925347296312
2025-05-12 00:00:00+00:00,ETHUSDT,2495.47,,0.056224478724764874,0.00912971335250345
2025-05-13 00:00:00+00:00,ETHUSDT,2679.71,,0.04137169177304333,0.011630808892159788
2025-05-14 00:00:00+00:00,ETHUSDT,2609.74,,,0.010901085700749422
2025-05-15 00:00:00+00:00,ETHUSDT,2548.69,,0.032900093434607605,0.011695197688557426
2025-05-16 00:00:00+00:00,ETHUSDT,2537.12,,,0.011695197688557426
2025-05-17 00:00:00+00:00,ETHUSDT,2475.08,,0.014758888797095866,0.011475294229689376
2025-05-18 00:00:00+00:00,ETHUSDT,2497.78,,0.06574597992498225,0.013356000372706416
2025-05-19 00:00:00+00:00,ETHUSDT,2528.14,,0.006221367486999053,0.014632524352662293
2025-05-20 00:00:00+00:00,ETHUSDT,2524.19,,0.044173830108850835,0.014632524352662293
2025-05-21 00:00:00+00:00,ETHUSDT,2550.99,,,0.014632524352662293
2025-05-22 00:00:00+00:00,ETHUSDT,2664.82,,0.03928698857705724,0.0164015350347189
2025-05-23 00:00:00+00:00,ETHUSDT,2526.5,,0.007495923189731093,0.017788371513619658
2025-05-24 00:00:00+00:00,ETHUSDT,2530.4,,,0.017498248227945306
2025-05-25 00:00:00+00:00,ETHUSDT,2551.22,,,0.017498248227945306
2025-05-26 00:00:00+00:00,ETHUSDT,2563.7,,0.012250413735162733,0.016403858743262775
2025-05-27 00:00:00+00:00,ETHUSDT,2660.81,,0.013878033933477339,0.017313345930445583
2025-05-28 00:00:00+00:00,ETHUSDT,2681.6,,0.007203298497070776,0.015403408296571861
2025-05-29 00:00:00+00:00,ETHUSDT,2631.39,,,0.015403408296571861
2025-05-30 00:00:00+00:00,ETHUSDT,2531.34,,,0.015403408296571861
2025-05-31 00:00:00+00:00,ETHUSDT,2528.06,0.03112251956284244,0.02624911477629666,0.012691041976257533
2025-06-01 00:00:00+00:00,ETHUSDT,2539.21,0.02150034230976537,0.014047258966549292,0.012691041976257533
2025-06-02 00:00:00+00:00,ETHUSDT,2607.41,0.02204760096596213,,0.01130902677944493
2025-06-03 00:00:00+00:00,ETHUSDT,2593.36,0.01970660243878658,0.019056126467645432,0.009850635909939757
2025-06-04 00:00:00+00:00,ETHUSDT,2607.68,0.005595264592323875,,0.009850635909939757
2025-06-05 00:00:00+00:00,ETHUSDT,2414.01,0.015547270446233543,0.03143371877698871,0.011544490847763725
2025-06-06 00:00:00+00:00,ETHUSDT,2476.1,0.025834074918630705,0.010068496381051745,0.011544490847763725
2025-06-07 00:00:00+00:00,ETHUSDT,2524.63,0.023961644237537702,0.012641516474488261,0.011969743174906886
2025-06-08 00:00:00+00:00,ETHUSDT,2509.83,0.02360687446388313,0.007517798406005837,0.011090986200880148
2025-06-09 00:00:00+00:00,ETHUSDT,2680.13,0.025657551337050655,,0.00981446222092427
2025-06-10 00:00:00+00:00,ETHUSDT,2816.4,0.00784773097184692,,0.010527448245864313
2025-06-11 00:00:00+00:00,ETHUSDT,2771.61,0.01558593134080172,,0.010527448245864313
2025-06-12 00:00:00+00:00,ETHUSDT,2642.65,0.009446453524439197,,0.008758437563807706
2025-06-13 00:00:00+00:00,ETHUSDT,2579.19,,0.018027408201024307,0.008840523383324592
2025-06-14 00:00:00+00:00,ETHUSDT,2530.76,,0.02143319029781836,0.008840523383324592
2025-06-15 00:00:00+00:00,ETHUSDT,2547.61,,,0.008840523383324592
2025-06-16 00:00:00+00:00,ETHUSDT,2544.17,,0.006581691665384718,0.008840523383324592
2025-06-17 00:00:00+00:00,ETHUSDT,2509.95,,0.019026577821985448,0.007931036196141784
2025-06-18 00:00:00+00:00,ETHUSDT,2525.0,,0.019710762669942462,0.008421518192785011
2025-06-19 00:00:00+00:00,ETHUSDT,2521.12,,0.008740218095831427,0.009072846404581086
2025-06-20 00:00:00+00:00,ETHUSDT,2406.49,,,0.009072846404581086
2025-06-21 00:00:00+00:00,ETHUSDT,2295.73,,,0.008403811839865017
2025-06-22 00:00:00+00:00,ETHUSDT,2227.7,,,0.008403811839865017
2025-06-23 00:00:00+00:00,ETHUSDT,2411.66,,,0.008403811839865017
2025-06-24 00:00:00+00:00,ETHUSDT,2448.45,,0.026051232034591965,0.00813307020996403
2025-06-25 00:00:00+00:00,ETHUSDT,2418.49,,0.01803571936262227,0.008914426772102777
2025-06-26 00:00:00+00:00,ETHUSDT,2415.96,,0.011979203024724522,0.007077155876321179
2025-06-27 00:00:00+00:00,ETHUSDT,2423.17,,0.010168108026103994,0.007077155876321179
2025-06-28 00:00:00+00:00,ETHUSDT,2435.62,,0.0014264775139074329,0.006651903549178019
2025-06-29 00:00:00+00:00,ETHUSDT,2500.09,,0.03258735734075759,0.006690247411694305
2025-06-30 00:00:00+00:00,ETHUSDT,2485.47,,0.0094736518278478,0.007411661146436101
2025-07-01 00:00:00+00:00,ETHUSDT,2405.01,,0.025391676468783476,0.008959808408886324
2025-07-02 00:00:00+00:00,ETHUSDT,2570.41,,,0.008959808408886324
2025-07-03 00:00:00+00:00,ETHUSDT,2591.25,,,0.008959808408886324
2025-07-04 00:00:00+00:00,ETHUSDT,2508.04,,0.006446160168230578,0.00754810354616766
2025-07-05 00:00:00+00:00,ETHUSDT,2516.41,,,0.00754810354616766
2025-07-06 00:00:00+00:00,ETHUSDT,2570.35,,0.02543690806509306,0.008214892129507193
2025-07-07 00:00:00+00:00,ETHUSDT,2542.29,,0.013887685281937324,0.008847533613675403
2025-07-08 00:00:00+00:00,ETHUSDT,2615.25,0.003926102724539401,,0.008847533613675403
2025-07-09 00:00:00+00:00,ETHUSDT,2768.74,,,0.008357051617032176
2025-07-10 00:00:00+00:00,ETHUSDT,2951.29,,,0.0077057234052361
2025-07-11 00:00:00+00:00,ETHUSDT,2958.22,,0.009236307819330077,0.0077057234052361
2025-07-12 00:00:00+00:00,ETHUSDT,2943.28,,,0.0077057234052361
2025-07-13 00:00:00+00:00,ETHUSDT,2972.03,0.018638194355374657,7.016684701142417e-05,0.008263135756965936
2025-07-14 00:00:00+00:00,ETHUSDT,3013.62,,0.02545819562657855,0.008707101011339017
2025-07-15 00:00:00+00:00,ETHUSDT,3137.89,,,0.007935137971088836
2025-07-16 00:00:00+00:00,ETHUSDT,3371.35,,,0.007153781408950089
2025-07-17 00:00:00+00:00,ETHUSDT,3476.87,,,0.006503085379099717
2025-07-18 00:00:00+00:00,ETHUSDT,3546.92,,0.015465818798255737,0.006864441124530077
2025-07-19 00:00:00+00:00,ETHUSDT,3592.01,,,0.006864441124530077
2025-07-20 00:00:00+00:00,ETHUSDT,3756.69,,0.007216402113133307,0.0058241480930234886
2025-07-21 00:00:00+00:00,ETHUSDT,3762.33,,,0.005102734358281692
2025-07-22 00:00:00+00:00,ETHUSDT,3746.21,,0.017742169823290653,0.004479943760400749
2025-07-23 00:00:00+00:00,ETHUSDT,3628.29,,0.05939789013565012,0.004735118484219801
2025-07-24 00:00:00+00:00,ETHUSDT,3706.94,,0.03351292907504779,0.006256376198365339
2025-07-25 00:00:00+00:00,ETHUSDT,3724.96,,,0.006076938546514931
2025-07-26 00:00:00+00:00,ETHUSDT,3741.1,,,0.006477383761880949
2025-07-27 00:00:00+00:00,ETHUSDT,3872.1,,0.01843304589626794,0.006841340351562914
2025-07-28 00:00:00+00:00,ETHUSDT,3799.0,,0.017757157181268697,0.0064036572152702175
2025-07-29 00:00:00+00:00,ETHUSDT,3793.79,,0.014414697931901102,0.0064036572152702175
2025-07-30 00:00:00+00:00,ETHUSDT,3810.0,,0.031228323868992762,0.007420197461007608
2025-07-31 00:00:00+00:00,ETHUSDT,3698.39,,,0.007420197461007608
2025-08-01 00:00:00+00:00,ETHUSDT,3488.2,,,0.007420197461007608
2025-08-02 00:00:00+00:00,ETHUSDT,3393.94,,0.03842795930114734,0.00881258220028985
2025-08-03 00:00:00+00:00,ETHUSDT,3496.74,,,0.008255169848560015
2025-08-04 00:00:00+00:00,ETHUSDT,3720.99,,0.03743653043974557,0.010354993126493099
2025-08-05 00:00:00+00:00,ETHUSDT,3612.0,,0.03020333535349184,0.010877723381342937
2025-08-06 00:00:00+00:00,ETHUSDT,3683.31,,,0.010877723381342937
2025-08-07 00:00:00+00:00,ETHUSDT,3910.31,,,0.010877723381342937
2025-08-08 00:00:00+00:00,ETHUSDT,4009.5,,,0.010516367635912576
2025-08-09 00:00:00+00:00,ETHUSDT,4260.62,,0.022734921957510427,0.01147716445357981
2025-08-10 00:00:00+00:00,ETHUSDT,4250.57,,0.031383737960059666,0.01147716445357981
2025-08-11 00:00:00+00:00,ETHUSDT,4223.22,,,0.013526301144311005
2025-08-12 00:00:00+00:00,ETHUSDT,4590.52,,,0.01188795845480168
2025-08-13 00:00:00+00:00,ETHUSDT,4749.3,,0.033365913272957355,0.013675835542251092
2025-08-14 00:00:00+00:00,ETHUSDT,4546.84,,0.018106635301397705,0.012154577828105554
2025-08-15 00:00:00+00:00,ETHUSDT,4439.47,,0.012211211947405442,0.012154577828105554
2025-08-16 00:00:00+00:00,ETHUSDT,4421.99,,0.007361682741672679,0.01226392293342167
2025-08-17 00:00:00+00:00,ETHUSDT,4472.33,,,0.011233177760400174
2025-08-18 00:00:00+00:00,ETHUSDT,4312.99,,,0.011038219412524659
2025-08-19 00:00:00+00:00,ETHUSDT,4075.59,,0.06360904500284469,0.014180632382744265
2025-08-20 00:00:00+00:00,ETHUSDT,4336.16,,0.015572219957198189,0.015118130460678043
2025-08-21 00:00:00+00:00,ETHUSDT,4225.3,,0.006249958831508466,0.017763887440181272
2025-08-22 00:00:00+00:00,ETHUSDT,4832.07,0.023807085228399767,0.010476269907788363,0.02099827786476244
2025-08-23 00:00:00+00:00,ETHUSDT,4778.4,0.04284312658697014,0.0016679759081237105,0.019605893125480195
2025-08-24 00:00:00+00:00,ETHUSDT,4780.15,0.04036951897600133,,0.019605893125480195
2025-08-25 00:00:00+00:00,ETHUSDT,4376.18,0.038358590777340384,0.04258627969213043,0.019867162145655294
2025-08-26 00:00:00+00:00,ETHUSDT,4600.63,0.04331106195192728,0.009037373245384499,0.020628798928526416
2025-08-27 00:00:00+00:00,ETHUSDT,4506.71,0.04535538230355229,0.02097743035600098,0.021462272874980863
2025-08-28 00:00:00+00:00,ETHUSDT,4511.21,0.045878893789384645,,0.021462272874980863
2025-08-29 00:00:00+00:00,ETHUSDT,4360.18,0.04744225710488231,0.021287200876386674,0.021462272874980863
2025-08-30 00:00:00+00:00,ETHUSDT,4373.7,0.049829375704280844,,0.02050147605731363
2025-08-31 00:00:00+00:00,ETHUSDT,4391.83,0.04938573907785551,0.010807336911094235,0.02050147605731363
2025-09-01 00:00:00+00:00,ETHUSDT,4314.5,0.04954996841395542,0.023328759852641066,0.019059270037908454
2025-09-02 00:00:00+00:00,ETHUSDT,4326.5,0.048359889889444035,0.015920876595702977,0.01959508956986867
2025-09-03 00:00:00+00:00,ETHUSDT,4450.46,0.05421132792566929,0.041097729389842436,0.019086295272466636
2025-09-04 00:00:00+00:00,ETHUSDT,4297.55,0.05327624858189026,0.04688531044150814,0.02071981873833456
2025-09-05 00:00:00+00:00,ETHUSDT,4307.45,0.0551722487072776,,0.02071981873833456
2025-09-06 00:00:00+00:00,ETHUSDT,4273.14,0.05531858511874984,0.007727145268215394,0.020581502773203295
2025-09-07 00:00:00+00:00,ETHUSDT,4306.19,0.055371811091117835,0.005862903898182641,0.020581502773203295
2025-09-08 00:00:00+00:00,ETHUSDT,4306.37,0.05451651436610711,0.023031656177817484,0.021104377666049928
2025-09-09 00:00:00+00:00,ETHUSDT,4310.09,0.058150275116376465,0.01221303282764942,0.018693127317269957
2025-09-10 00:00:00+00:00,ETHUSDT,4349.32,0.051774359519979295,0.013415007769578983,0.017479377913999488
2025-09-11 00:00:00+00:00,ETHUSDT,4458.82,0.04810877359919708,,0.01483362093449626
2025-09-12 00:00:00+00:00,ETHUSDT,4712.16,0.03647143125040269,0.010823910041275442,0.012706383395929909
2025-09-13 00:00:00+00:00,ETHUSDT,4666.53,0.03400749146331291,0.004410805264427471,0.012706383395929909
2025-09-14 00:00:00+00:00,ETHUSDT,4604.49,0.03365148647019372,0.004237482078427692,0.012706383395929909
2025-09-15 00:00:00+00:00,ETHUSDT,4523.74,0.032531902303973716,,0.009901325843448645
2025-09-16 00:00:00+00:00,ETHUSDT,4501.29,0.01274331641258204,0.016112200227796487,0.008616958805727689
2025-09-17 00:00:00+00:00,ETHUSDT,4590.53,,,0.007783484859273241
2025-09-18 00:00:00+00:00,ETHUSDT,4587.66,,,0.007783484859273241
2025-09-19 00:00:00+00:00,ETHUSDT,4468.59,,0.004239053378511052,0.008367686548331907
2025-09-20 00:00:00+00:00,ETHUSDT,4480.42,,0.006290231092089662,0.008367686548331907
2025-09-21 00:00:00+00:00,ETHUSDT,4444.97,,,0.008367686548331907
2025-09-22 00:00:00+00:00,ETHUSDT,4199.08,,0.01002800112607164,0.007760755877005888
2025-09-23 00:00:00+00:00,ETHUSDT,4164.26,,0.01181774320282318,0.007224936345045672
2025-09-24 00:00:00+00:00,ETHUSDT,4152.81,,,0.006777218235034209
2025-09-25 00:00:00+00:00,ETHUSDT,3874.36,,0.032969284676558214,0.007588380303687982
2025-09-26 00:00:00+00:00,ETHUSDT,4032.24,0.0118092301570619,0.006320704220943586,0.008576093703701415
2025-09-27 00:00:00+00:00,ETHUSDT,4018.38,0.011694067094095043,0.007191359050146704,0.008204619348150546
2025-09-28 00:00:00+00:00,ETHUSDT,4142.16,0.011375590686450174,,0.008204619348150546
2025-09-29 00:00:00+00:00,ETHUSDT,4215.07,0.002963829449891741,0.031298046930129435,0.008858400987642453
2025-09-30 00:00:00+00:00,ETHUSDT,4145.15,0.008197744072877908,0.008685409907176849,0.00917295410440538
2025-10-01 00:00:00+00:00,ETHUSDT,4348.03,0.014858428494652402,,0.008432665184004682
2025-10-02 00:00:00+00:00,ETHUSDT,4484.35,,,0.008432665184004682
2025-10-03 00:00:00+00:00,ETHUSDT,4512.87,0.014283544555284978,0.009552356029976167,0.007566690487531464
2025-10-04 00:00:00+00:00,ETHUSDT,4487.15,0.011054456240808485,,0.007566690487531464
2025-10-05 00:00:00+00:00,ETHUSDT,4514.32,0.01209956776050398,0.011429465769971076,0.008647077604831254
2025-10-06 00:00:00+00:00,ETHUSDT,4684.01,0.01163041707513077,0.04366824486207544,0.010354888691625343
2025-10-07 00:00:00+00:00,ETHUSDT,4447.7,0.023184083284938456,0.006554048196422901,0.011865895930387303
2025-10-08 00:00:00+00:00,ETHUSDT,4525.72,0.026525537478893163,0.00620862119646373,0.013437892961207232
2025-10-09 00:00:00+00:00,ETHUSDT,4368.09,0.028800402518489743,,0.013437892961207232
2025-10-10 00:00:00+00:00,ETHUSDT,3829.72,,0.018856431651671623,0.012853691272148566
2025-10-11 00:00:00+00:00,ETHUSDT,3746.79,,0.0011327482253871274,0.014065238013129805
2025-10-12 00:00:00+00:00,ETHUSDT,4152.29,,,0.014065238013129805
2025-10-13 00:00:00+00:00,ETHUSDT,4240.85,,0.026838265994001787,0.016641375042506963
2025-10-14 00:00:00+00:00,ETHUSDT,4125.02,,0.059119920254278195,0.017904455236357246
2025-10-15 00:00:00+00:00,ETHUSDT,3985.61,,,0.016817915832502278
2025-10-16 00:00:00+00:00,ETHUSDT,3894.51,,,0.01437323029798058
2025-10-17 00:00:00+00:00,ETHUSDT,3831.57,,0.01266161237527445,0.013385516897967147
2025-10-18 00:00:00+00:00,ETHUSDT,3889.21,,0.012098891403753956,0.013385516897967147
2025-10-19 00:00:00+00:00,ETHUSDT,3982.58,,0.006909536371310731,0.013385516897967147
2025-10-20 00:00:00+00:00,ETHUSDT,3979.22,,0.031650781731037796,0.012208860365628611
2025-10-21 00:00:00+00:00,ETHUSDT,3873.05,,,0.011163144627426045
2025-10-22 00:00:00+00:00,ETHUSDT,3805.53,,0.0009178757596750174,0.011163144627426045
2025-10-23 00:00:00+00:00,ETHUSDT,3856.8,,,0.011788413650810419
2025-10-24 00:00:00+00:00,ETHUSDT,3934.88,,0.005341766962096613,0.011573991836448297
2025-10-25 00:00:00+00:00,ETHUSDT,3953.82,,,0.011573991836448297
2025-10-26 00:00:00+00:00,ETHUSDT,4158.46,,,0.010493604719148506
2025-10-27 00:00:00+00:00,ETHUSDT,4120.15,,,0.008785793632354417
2025-10-28 00:00:00+00:00,ETHUSDT,3979.2,,,0.007274786393592457
2025-10-29 00:00:00+00:00,ETHUSDT,3902.99,,,0.00570278936277253
2025-10-30 00:00:00+00:00,ETHUSDT,3805.09,,0.013378754689224203,0.006146332593270079
2025-10-31 00:00:00+00:00,ETHUSDT,3847.99,,0.01357096897812133,0.006341825431871408
2025-11-01 00:00:00+00:00,ETHUSDT,3873.77,,0.015044030337449539,0.00513027869089017
2025-11-02 00:00:00+00:00,ETHUSDT,3906.58,,0.0027868489114310935,0.0068590194766762055
2025-11-03 00:00:00+00:00,ETHUSDT,3603.83,,,0.0042828824472990485
2025-11-04 00:00:00+00:00,ETHUSDT,3287.05,,0.05662539480639961,0.004246688108370453
2025-11-05 00:00:00+00:00,ETHUSDT,3424.29,,0.04603576213990725,0.006740929358512148
2025-11-06 00:00:00+00:00,ETHUSDT,3315.14,,0.05082827685037287,0.0074003894213940805
2025-11-07 00:00:00+00:00,ETHUSDT,3436.05,,0.010157280576373664,0.008508410274581053
2025-11-08 00:00:00+00:00,ETHUSDT,3401.51,,0.020251799932032057,0.009656391290532975
2025-11-09 00:00:00+00:00,ETHUSDT,3583.46,,0.002910876080057008,0.009932751302030307
2025-11-10 00:00:00+00:00,ETHUSDT,3567.85,,0.021803240721143344,0.009932751302030307
2025-11-11 00:00:00+00:00,ETHUSDT,3417.76,,0.03386911274461529,0.012146301198176732
2025-11-12 00:00:00+00:00,ETHUSDT,3414.92,,0.020862652861073357,0.012146301198176732
2025-11-13 00:00:00+00:00,ETHUSDT,3231.54,,,0.011521032174792358
2025-11-14 00:00:00+00:00,ETHUSDT,3112.4,,0.026502232012516568,0.013112455364333905
2025-11-15 00:00:00+00:00,ETHUSDT,3167.88,0.007885427846113778,0.020683029592984202,0.013112455364333905
2025-11-16 00:00:00+00:00,ETHUSDT,3095.29,0.017911911223809012,0.054568247042166555,0.013112455364333905
2025-11-17 00:00:00+00:00,ETHUSDT,3031.44,0.0192475240610255,0.054607024652649334,0.014286824006867739
2025-11-18 00:00:00+00:00,ETHUSDT,3123.66,0.020109503405162803,0.03192093944005943,0.017150238177568465
2025-11-19 00:00:00+00:00,ETHUSDT,3025.48,0.02470076730671843,0.029412414873702917,0.018866032831872836
2025-11-20 00:00:00+00:00,ETHUSDT,2834.22,0.020459935086484634,,0.018422489601375287
2025-11-21 00:00:00+00:00,ETHUSDT,2765.85,0.015956816163620383,0.014498061337867341,0.01871758218419301
2025-11-22 00:00:00+00:00,ETHUSDT,2770.12,0.020132618377077926,,0.01871758218419301
2025-11-23 00:00:00+00:00,ETHUSDT,2802.16,0.020485234802226183,0.015192058483918502,0.017916930138234033
2025-11-24 00:00:00+00:00,ETHUSDT,2953.38,,0.025937182086543675,0.019645356074323054
2025-11-25 00:00:00+00:00,ETHUSDT,2959.36,0.027634766496167057,0.009576942119948983,0.018418470219401368
2025-11-26 00:00:00+00:00,ETHUSDT,3026.56,,,0.01592422896925967
2025-11-27 00:00:00+00:00,ETHUSDT,3015.23,,0.017534819975034702,0.01589758634305553
2025-11-28 00:00:00+00:00,ETHUSDT,3031.15,,0.0011440153374378053,0.01478956548986856
2025-11-29 00:00:00+00:00,ETHUSDT,2989.16,,0.0226764773252371,0.014307444443341774
2025-11-30 00:00:00+00:00,ETHUSDT,2991.26,,,0.014031084431844441
2025-12-01 00:00:00+00:00,ETHUSDT,2799.07,,0.0508725731591017,0.01659849348086868
2025-12-02 00:00:00+00:00,ETHUSDT,2996.07,0.019352911752708923,,0.014384943584722257
2025-12-03 00:00:00+00:00,ETHUSDT,3188.36,,0.025225708384988776,0.01610896570328304
2025-12-04 00:00:00+00:00,ETHUSDT,3133.26,,0.011914065697726677,0.01610896570328304
2025-12-05 00:00:00+00:00,ETHUSDT,3021.78,,0.00599269253714195,0.015584226424568578
2025-12-06 00:00:00+00:00,ETHUSDT,3038.06,,0.005120446326695069,0.015584226424568578
2025-12-07 00:00:00+00:00,ETHUSDT,3059.85,,0.005035183736032672,0.015584226424568578
2025-12-08 00:00:00+00:00,ETHUSDT,3124.16,,,0.014409857782034746
2025-12-09 00:00:00+00:00,ETHUSDT,3318.04,,,0.011546443611334018
2025-12-10 00:00:00+00:00,ETHUSDT,3324.14,,,0.009830648957029649
2025-12-11 00:00:00+00:00,ETHUSDT,3237.39,,0.0026341991401351004,0.010246168400887072
2025-12-12 00:00:00+00:00,ETHUSDT,3084.86,,0.005738065823053182,0.010950446786224982
2025-12-13 00:00:00+00:00,ETHUSDT,3114.64,,0.006437720097670863,0.011473748810296927
2025-12-14 00:00:00+00:00,ETHUSDT,3063.5,,0.014628639836876681,0.010545660070469873
2025-12-15 00:00:00+00:00,ETHUSDT,2964.85,,0.000785367763565672,0.008817234134380852
2025-12-16 00:00:00+00:00,ETHUSDT,2962.3,,0.018289836886088054,0.010199376525199264
2025-12-17 00:00:00+00:00,ETHUSDT,2833.49,,0.059592750964897474,0.012248787076351362
2025-12-18 00:00:00+00:00,ETHUSDT,2828.57,,0.05136997038305835,0.013886489539224521
2025-12-19 00:00:00+00:00,ETHUSDT,2979.5,,0.0017056289086669137,0.014017727562962075
2025-12-20 00:00:00+00:00,ETHUSDT,2977.93,,0.0051057780123767065,0.01337956949740483
2025-12-21 00:00:00+00:00,ETHUSDT,3002.02,,8.606044044634757e-05,0.01337956949740483
2025-12-22 00:00:00+00:00,ETHUSDT,3009.49,,3.585364956350074e-05,0.01081216044838059
2025-12-23 00:00:00+00:00,ETHUSDT,2965.02,,0.012215181610965617,0.01081216044838059
2025-12-24 00:00:00+00:00,ETHUSDT,2947.47,,0.0253214218243483,0.009585972299606364
2025-12-25 00:00:00+00:00,ETHUSDT,2903.95,,0.020750614163250053,0.010658928901703137
2025-12-26 00:00:00+00:00,ETHUSDT,2927.99,,0.007524468547337911,0.009993530583023985
2025-12-27 00:00:00+00:00,ETHUSDT,2949.05,,0.010660194626674406,0.010250170109512697
2025-12-28 00:00:00+00:00,ETHUSDT,2950.91,,0.0037358962104226817,0.010250170109512697
2025-12-29 00:00:00+00:00,ETHUSDT,2937.9,,0.02085789082566171,0.011362744317786297
2025-12-30 00:00:00+00:00,ETHUSDT,2973.69,,0.0041372321141890924,0.011362744317786297
2025-12-31 00:00:00+00:00,ETHUSDT,2971.64,,0.008211601298971975,0.012008438859523317
2026-01-01 00:00:00+00:00,ETHUSDT,3004.19,,,0.011592919415665894
2026-01-02 00:00:00+00:00,ETHUSDT,3125.45,,0.008683771121835882,0.011397248928469774
2026-01-03 00:00:00+00:00,ETHUSDT,3127.11,,,0.010873946904397826
2026-01-04 00:00:00+00:00,ETHUSDT,3144.7,,,0.010873946904397826
2026-01-05 00:00:00+00:00,ETHUSDT,3224.99,,0.0055090475727062795,0.010873946904397826
2026-01-06 00:00:00+00:00,ETHUSDT,3296.84,,0.021503257092694936,0.01144214648802033
2026-01-07 00:00:00+00:00,ETHUSDT,3168.72,0.00783970072761156,,0.009392735936868232
2026-01-08 00:00:00+00:00,ETHUSDT,3106.65,,0.021872824829573874,0.00712221603731728
2026-01-09 00:00:00+00:00,ETHUSDT,3088.4,,0.0029225145842950453,0.007183170087867599
2026-01-10 00:00:00+00:00,ETHUSDT,3086.72,,,0.00749930554790411
2026-01-11 00:00:00+00:00,ETHUSDT,3123.45,,0.013351581833644734,0.007696312661836333
2026-01-12 00:00:00+00:00,ETHUSDT,3095.75,,,0.009340773170654763
2026-01-13 00:00:00+00:00,ETHUSDT,3325.82,,,0.009340773170654763
2026-01-14 00:00:00+00:00,ETHUSDT,3354.92,,0.02591348167825553,0.009386560535779324
2026-01-15 00:00:00+00:00,ETHUSDT,3318.69,,0.0012579264312710177,0.00831360393368255
2026-01-16 00:00:00+00:00,ETHUSDT,3296.28,,0.007167080244587719,0.007885561966355141
2026-01-17 00:00:00+00:00,ETHUSDT,3310.56,,0.008223987955437589,0.0076289224398664295
2026-01-18 00:00:00+00:00,ETHUSDT,3284.03,,,0.0076289224398664295
2026-01-19 00:00:00+00:00,ETHUSDT,3189.55,,,0.006516348231592831
2026-01-20 00:00:00+00:00,ETHUSDT,2939.88,,0.009847792855060183,0.008282064687230311
2026-01-21 00:00:00+00:00,ETHUSDT,2982.27,,0.031892280710708154,0.008063172947029336
2026-01-22 00:00:00+00:00,ETHUSDT,2952.69,,0.03047589868701382,0.008281802750040337
2026-01-23 00:00:00+00:00,ETHUSDT,2956.41,,0.00224596141606605,0.007282609430479489
2026-01-24 00:00:00+00:00,ETHUSDT,2953.22,,,0.007282609430479489
2026-01-25 00:00:00+00:00,ETHUSDT,2816.89,,0.040756721550208055,0.009276611788870584
2026-01-26 00:00:00+00:00,ETHUSDT,2930.35,0.011416733254733514,,0.009276611788870584
2026-01-27 00:00:00+00:00,ETHUSDT,3026.77,,0.0022176708482066813,0.008183719568383744
2026-01-28 00:00:00+00:00,ETHUSDT,3010.78,,,0.008183719568383744
2026-01-29 00:00:00+00:00,ETHUSDT,2822.59,,,0.008183719568383744
2026-01-30 00:00:00+00:00,ETHUSDT,2707.38,,,0.007991527494095872
2026-01-31 00:00:00+00:00,ETHUSDT,2451.95,,0.03968657561644697,0.007647690130191468
2026-02-01 00:00:00+00:00,ETHUSDT,2270.15,,0.031700960290499465,0.008134005181947646
2026-02-02 00:00:00+00:00,ETHUSDT,2347.02,,0.0634321992408803,0.010301478161809515
2026-02-03 00:00:00+00:00,ETHUSDT,2233.72,,0.05415835511671557,0.010760085164989778
2026-02-04 00:00:00+00:00,ETHUSDT,2148.26,,,0.010216463830078662
2026-02-05 00:00:00+00:00,ETHUSDT,1826.83,,0.08679497519819508,0.016164293725876824
2026-02-06 00:00:00+00:00,ETHUSDT,2063.38,0.05234163153622471,,0.01760430636799738
2026-02-07 00:00:00+00:00,ETHUSDT,2087.08,0.043017864244637806,,0.01760430636799738
2026-02-08 00:00:00+00:00,ETHUSDT,2089.74,0.04205396093859724,0.02397564965247325,0.01760430636799738
2026-02-09 00:00:00+00:00,ETHUSDT,2105.02,0.040205695464647626,0.04176414148583133,0.01929748883478109
2026-02-10 00:00:00+00:00,ETHUSDT,2022.67,0.042912823186400134,,0.01753177237914361
2026-02-11 00:00:00+00:00,ETHUSDT,1941.18,0.03645800105011982,0.03833784197243473,0.01777866256684561
2026-02-12 00:00:00+00:00,ETHUSDT,1947.85,0.03873984737192656,0.00677387294223892,0.01786405623509105
2026-02-13 00:00:00+00:00,ETHUSDT,2048.72,0.03486412403766987,,0.01786405623509105
2026-02-14 00:00:00+00:00,ETHUSDT,2086.59,0.028117230746594616,0.008393780102626841,0.01921317196713984
2026-02-15 00:00:00+00:00,ETHUSDT,1966.58,0.03151532944093614,0.02497349248461034,0.018429906964354124
2026-02-16 00:00:00+00:00,ETHUSDT,1998.33,0.030512175487337114,0.033183418198501506,0.019353305612994892
2026-02-17 00:00:00+00:00,ETHUSDT,1991.66,0.037592276850044924,0.02630288679793612,0.019082764661882985
2026-02-18 00:00:00+00:00,ETHUSDT,1955.91,0.03949968469620857,0.01073569579286767,0.019082764661882985
2026-02-19 00:00:00+00:00,ETHUSDT,1949.08,0.03765366259798815,0.023242798266674313,0.019082764661882985
2026-02-20 00:00:00+00:00,ETHUSDT,1968.88,0.03955914980019144,,0.019082764661882985
2026-02-21 00:00:00+00:00,ETHUSDT,1973.35,0.04383747739070353,0.0024156605671726626,0.019082764661882985
2026-02-22 00:00:00+00:00,ETHUSDT,1957.82,0.05567355159222402,,0.018399442496194584
2026-02-23 00:00:00+00:00,ETHUSDT,1856.3,0.050267957396478796,,0.014587509007514285
2026-02-24 00:00:00+00:00,ETHUSDT,1851.94,0.0475432222093045,,0.014128902004334021
2026-02-25 00:00:00+00:00,ETHUSDT,2057.48,0.04852057800909,0.021939616517071336,0.01616669730082182
2026-02-26 00:00:00+00:00,ETHUSDT,2027.68,0.06169204759204209,0.012276451618030725,0.010218867405023657
2026-02-27 00:00:00+00:00,ETHUSDT,1929.84,,0.004190400802171747,0.008778854762903101
2026-02-28 00:00:00+00:00,ETHUSDT,1964.51,0.015821538295242167,,0.008778854762903101
2026-03-01 00:00:00+00:00,ETHUSDT,1939.71,0.017402560887591262,0.051758971815746756,0.011221440319774097
2026-03-02 00:00:00+00:00,ETHUSDT,2027.35,0.02001801444019632,0.041101322480039025,0.011047987965890451
2026-03-03 00:00:00+00:00,ETHUSDT,1982.8,0.02279053362379297,0.010437765204674383,0.011658012789925598
2026-03-04 00:00:00+00:00,ETHUSDT,2127.28,0.03370001931249111,0.025170927651151656,0.012490035737574953
2026-03-05 00:00:00+00:00,ETHUSDT,2072.86,0.03928883082955787,,0.012186012266318505
2026-03-06 00:00:00+00:00,ETHUSDT,1978.68,0.03553031439038021,0.00047598051172855475,0.012186012266318505
2026-03-07 00:00:00+00:00,ETHUSDT,1969.59,0.038003376755130096,,0.010836896534269714
2026-03-08 00:00:00+00:00,ETHUSDT,1937.1,0.03465736218856232,0.0025014697147361094,0.010788198340538561
2026-03-09 00:00:00+00:00,ETHUSDT,1992.98,0.03313736244030304,,0.00986479969189779
2026-03-10 00:00:00+00:00,ETHUSDT,2036.51,0.031040739088246474,0.03257773192261595,0.009505608614275206
2026-03-11 00:00:00+00:00,ETHUSDT,2051.97,0.030881954801235394,0.02629882344512415,0.009505608614275206
2026-03-12 00:00:00+00:00,ETHUSDT,2073.52,0.031123251424631806,,0.009505608614275206
2026-03-13 00:00:00+00:00,ETHUSDT,2092.22,0.030828238725423028,,0.009505608614275206
2026-03-14 00:00:00+00:00,ETHUSDT,2096.16,0.03083357209530332,,0.009505608614275206
2026-03-15 00:00:00+00:00,ETHUSDT,2178.3,0.03096909302446897,,0.009505608614275206
2026-03-16 00:00:00+00:00,ETHUSDT,2352.97,0.025097001149915452,0.015004307210461587,0.01105759450507853
2026-03-17 00:00:00+00:00,ETHUSDT,2317.39,0.0339891431661928,,0.01105759450507853
2026-03-18 00:00:00+00:00,ETHUSDT,2203.39,0.024332571709461404,,0.009019799208590732
2026-03-19 00:00:00+00:00,ETHUSDT,2137.81,,0.014481904592825001,0.009713967417067395
2026-03-20 00:00:00+00:00,ETHUSDT,2146.22,0.0074425429847500306,0.009344153558640919,0.009713967417067395
2026-03-21 00:00:00+00:00,ETHUSDT,2084.87,,,0.009713967417067395
2026-03-22 00:00:00+00:00,ETHUSDT,2053.89,,0.03193350881736609,0.008874275994440746
2026-03-23 00:00:00+00:00,ETHUSDT,2152.03,,,
2024-06-01 00:00:00+00:00,SOLUSDT,166.14,,,
2024-06-02 00:00:00+00:00,SOLUSDT,163.15,,0.02983201322413425,
2024-06-03 00:00:00+00:00,SOLUSDT,164.89,,,
2024-06-04 00:00:00+00:00,SOLUSDT,171.78,,,
2024-06-05 00:00:00+00:00,SOLUSDT,173.54,,0.011000653612305684,
2024-06-06 00:00:00+00:00,SOLUSDT,170.15,,,
2024-06-07 00:00:00+00:00,SOLUSDT,162.5,,0.015309002053229067,
2024-06-08 00:00:00+00:00,SOLUSDT,157.83,,0.02837050619259115,
2024-06-09 00:00:00+00:00,SOLUSDT,162.12,,0.030274212704448557,
2024-06-10 00:00:00+00:00,SOLUSDT,159.05,,,
2024-06-11 00:00:00+00:00,SOLUSDT,149.31,,0.08398086618953858,
2024-06-12 00:00:00+00:00,SOLUSDT,155.22,,0.039034328067649164,
2024-06-13 00:00:00+00:00,SOLUSDT,147.29,,,
2024-06-14 00:00:00+00:00,SOLUSDT,143.05,,0.007164024870572525,
2024-06-15 00:00:00+00:00,SOLUSDT,145.52,,0.005485199887314828,
2024-06-16 00:00:00+00:00,SOLUSDT,151.3,,0.04204490005806714,
2024-06-17 00:00:00+00:00,SOLUSDT,143.27,,,
2024-06-18 00:00:00+00:00,SOLUSDT,137.41,,0.02842787963418216,
2024-06-19 00:00:00+00:00,SOLUSDT,135.62,,0.03433764517807373,
2024-06-20 00:00:00+00:00,SOLUSDT,133.55,,,
2024-06-21 00:00:00+00:00,SOLUSDT,134.6,,,0.013023977732883794
2024-06-22 00:00:00+00:00,SOLUSDT,133.69,,,0.013023977732883794
2024-06-23 00:00:00+00:00,SOLUSDT,128.69,0.01809836494090376,,0.012342295902263387
2024-06-24 00:00:00+00:00,SOLUSDT,132.33,0.02253207799363147,,0.012342295902263387
2024-06-25 00:00:00+00:00,SOLUSDT,136.58,0.02003816493642442,0.019352111164661175,0.012342295902263387
2024-06-26 00:00:00+00:00,SOLUSDT,136.81,0.02265604016739823,0.010810478831928027,0.013082532247610962
2024-06-27 00:00:00+00:00,SOLUSDT,149.71,0.014603631219060356,0.06427611644830156,0.016810452324790757
2024-06-28 00:00:00+00:00,SOLUSDT,140.03,0.03861231943211775,0.009299818471139865,0.018564285049353844
2024-06-29 00:00:00+00:00,SOLUSDT,140.28,0.04205615854468382,0.010213760680114745,0.01822678157464666
2024-06-30 00:00:00+00:00,SOLUSDT,146.61,0.039273324178943865,,0.01699604047241235
2024-07-01 00:00:00+00:00,SOLUSDT,146.67,0.03742929214281502,0.006571450837414175,0.0182155245295673
2024-07-02 00:00:00+00:00,SOLUSDT,154.03,0.0392039470265495,0.029110883417742043,0.019238024806880607
2024-07-03 00:00:00+00:00,SOLUSDT,140.84,0.04379700448622164,,0.01744078868769678
2024-07-04 00:00:00+00:00,SOLUSDT,127.86,,0.004693448904165033,0.01904640043290926
2024-07-05 00:00:00+00:00,SOLUSDT,134.32,0.03395611887846458,,0.018217437429774698
2024-07-06 00:00:00+00:00,SOLUSDT,143.05,0.018912909353952588,0.06891456270887034,0.021844956099019902
2024-07-07 00:00:00+00:00,SOLUSDT,131.64,0.03937423829012486,0.05470649012204417,0.021683667381931178
2024-07-08 00:00:00+00:00,SOLUSDT,139.81,0.04621950725043383,,0.021683667381931178
2024-07-09 00:00:00+00:00,SOLUSDT,141.42,0.049139963373822516,0.020411408104889825,0.021683667381931178
2024-07-10 00:00:00+00:00,SOLUSDT,141.98,0.05034339047184604,0.03984728275095571,0.020637051431332192
2024-07-11 00:00:00+00:00,SOLUSDT,135.73,0.051038100996792846,0.0037926483437177787,0.022521772474563988
2024-07-12 00:00:00+00:00,SOLUSDT,139.46,0.0531346579104315,,0.022521772474563988
2024-07-13 00:00:00+00:00,SOLUSDT,141.9,0.052280838521559715,,0.022521772474563988
2024-07-14 00:00:00+00:00,SOLUSDT,147.66,0.05200854757575206,,0.022521772474563988
2024-07-15 00:00:00+00:00,SOLUSDT,159.38,0.04527643182237266,0.012445519621061543,0.024587258770501195
2024-07-16 00:00:00+00:00,SOLUSDT,160.62,0.046384610154265433,0.03409560102720971,0.02586525737515256
2024-07-17 00:00:00+00:00,SOLUSDT,155.5,0.04607513672754806,0.0321167927706146,0.02629035313720386
2024-07-18 00:00:00+00:00,SOLUSDT,159.22,0.046731105514936117,0.004280299430799666,0.022562433060024062
2024-07-19 00:00:00+00:00,SOLUSDT,169.13,0.027006067318140828,,0.020808600335460975
2024-07-20 00:00:00+00:00,SOLUSDT,173.6,0.025747546178979393,,0.01978006351880792
2024-07-21 00:00:00+00:00,SOLUSDT,184.49,0.021082932365024527,0.028269062949158753,0.02242542190395525
2024-07-22 00:00:00+00:00,SOLUSDT,178.9,0.028121600375767726,,0.021205937846800298
2024-07-23 00:00:00+00:00,SOLUSDT,173.03,0.019359943861008262,0.04243317706219804,0.019438760264762683
2024-07-24 00:00:00+00:00,SOLUSDT,178.06,,0.016756440984692793,0.02099501319054817
2024-07-25 00:00:00+00:00,SOLUSDT,171.85,0.04543432018222881,,0.02037836746353677
2024-07-26 00:00:00+00:00,SOLUSDT,183.06,0.04208621687575205,0.001803691931422974,0.02037836746353677
2024-07-27 00:00:00+00:00,SOLUSDT,183.92,0.04692443329406603,0.018808523766597855,0.01675084879429157
2024-07-28 00:00:00+00:00,SOLUSDT,184.9,0.03496073301257256,0.010705368675495675,0.013829613367328984
2024-07-29 00:00:00+00:00,SOLUSDT,182.57,0.016881773088430387,,0.013829613367328984
2024-07-30 00:00:00+00:00,SOLUSDT,179.16,0.010620172915174156,0.04044855908212259,0.013829613367328984
2024-07-31 00:00:00+00:00,SOLUSDT,171.71,,,0.013829613367328984
2024-08-01 00:00:00+00:00,SOLUSDT,167.37,,0.023552182678198225,0.014322777418697516
2024-08-02 00:00:00+00:00,SOLUSDT,152.77,,,0.014322777418697516
2024-08-03 00:00:00+00:00,SOLUSDT,142.52,,,0.014322777418697516
2024-08-04 00:00:00+00:00,SOLUSDT,138.33,,,0.014322777418697516
2024-08-05 00:00:00+00:00,SOLUSDT,129.78,,,0.012257291122760316
2024-08-06 00:00:00+00:00,SOLUSDT,144.4,,,0.010979292518108948
2024-08-07 00:00:00+00:00,SOLUSDT,144.77,,0.05658850691497398,0.012405039388922425
2024-08-08 00:00:00+00:00,SOLUSDT,163.13,,0.05120948198069361,0.01732734211854244
2024-08-09 00:00:00+00:00,SOLUSDT,156.28,,0.022284380286378525,0.01732734211854244
2024-08-10 00:00:00+00:00,SOLUSDT,154.01,,0.005157888938546073,0.01732734211854244
2024-08-11 00:00:00+00:00,SOLUSDT,141.57,0.014372968364785172,0.04295713158887481,0.018515875911068177
2024-08-12 00:00:00+00:00,SOLUSDT,146.29,0.024293383977164976,0.03660884584259569,0.018515875911068177
2024-08-13 00:00:00+00:00,SOLUSDT,146.65,0.02426665719177587,0.03616390080145982,0.017049918299748362
2024-08-14 00:00:00+00:00,SOLUSDT,143.71,0.020693996733740228,,0.015493665373962875
2024-08-15 00:00:00+00:00,SOLUSDT,142.58,0.015372176557177,0.028509329573946134,0.014504699355761798
2024-08-16 00:00:00+00:00,SOLUSDT,139.04,,0.017895150944870708,0.015195934778583942
2024-08-17 00:00:00+00:00,SOLUSDT,141.93,0.014436694191409603,,0.015195934778583942
2024-08-18 00:00:00+00:00,SOLUSDT,142.42,0.012830442417394927,0.03306386834428272,0.01592407340726449
2024-08-19 00:00:00+00:00,SOLUSDT,144.29,0.009101485497432851,0.021666281567422577,0.01592407340726449
2024-08-20 00:00:00+00:00,SOLUSDT,142.27,0.009956313793383681,,0.01592407340726449
2024-08-21 00:00:00+00:00,SOLUSDT,142.79,0.012564302413506465,0.015941560415944175,0.016093160650086286
2024-08-22 00:00:00+00:00,SOLUSDT,143.22,0.015552093618886917,,0.013715275555485953
2024-08-23 00:00:00+00:00,SOLUSDT,153.26,0.0197480351167386,,0.013715275555485953
2024-08-24 00:00:00+00:00,SOLUSDT,160.67,0.03203714085114551,0.030344728222999787,0.015356751444798715
2024-08-25 00:00:00+00:00,SOLUSDT,158.92,0.041219415942498304,0.03951166542143706,0.015506332074600893
2024-08-26 00:00:00+00:00,SOLUSDT,157.12,0.046358191831048785,,0.015506332074600889
2024-08-27 00:00:00+00:00,SOLUSDT,146.79,0.02023083547244358,,0.015506332074600889
2024-08-28 00:00:00+00:00,SOLUSDT,143.95,0.012938910990608971,0.02576922787051312,0.012135712720732505
2024-08-29 00:00:00+00:00,SOLUSDT,140.0,0.011356416493722307,,0.007213409991112491
2024-08-30 00:00:00+00:00,SOLUSDT,137.99,,0.020489604851378743,0.008121514314639375
2024-08-31 00:00:00+00:00,SOLUSDT,135.35,,,0.008121514314639375
2024-09-01 00:00:00+00:00,SOLUSDT,128.5,,0.05004960876405693,0.006414574593015257
2024-09-02 00:00:00+00:00,SOLUSDT,134.94,,0.048377845832864134,0.008610112914690046
2024-09-03 00:00:00+00:00,SOLUSDT,127.54,,0.01853060486217287,0.010339407152000272
2024-09-04 00:00:00+00:00,SOLUSDT,133.64,0.016375419981651207,0.029117781344201572,0.012612284031063493
2024-09-05 00:00:00+00:00,SOLUSDT,129.41,0.023898136603859324,0.011670163531027483,0.012612284031063493
2024-09-06 00:00:00+00:00,SOLUSDT,125.05,0.02052266405622717,0.01860603047145717,0.013292370919225617
2024-09-07 00:00:00+00:00,SOLUSDT,127.71,0.021696786646010442,,0.013292370919225617
2024-09-08 00:00:00+00:00,SOLUSDT,130.15,0.019728613175775487,0.016336564798352802,0.012564232290545067
2024-09-09 00:00:00+00:00,SOLUSDT,135.08,0.014949620250721178,0.008431245416470041,0.012564232290545067
2024-09-10 00:00:00+00:00,SOLUSDT,135.63,0.011398433798414723,,0.013425346296886667
2024-09-11 00:00:00+00:00,SOLUSDT,132.42,0.011974914054455586,0.00518875425549408,0.013256259054064872
2024-09-12 00:00:00+00:00,SOLUSDT,136.05,0.016664371920452364,0.020204577732451753,0.013770659307300608
2024-09-13 00:00:00+00:00,SOLUSDT,139.02,0.014576132436927484,0.017726912044129437,0.015228009547572715
2024-09-14 00:00:00+00:00,SOLUSDT,137.14,0.03178774634200892,,0.01358653365825995
2024-09-15 00:00:00+00:00,SOLUSDT,131.37,0.03049654299717866,,0.01343695302845778
2024-09-16 00:00:00+00:00,SOLUSDT,131.47,0.031584464354999627,,0.01343695302845778
2024-09-17 00:00:00+00:00,SOLUSDT,131.54,0.031866336498690105,0.012314234617244943,0.01343695302845778
2024-09-18 00:00:00+00:00,SOLUSDT,134.34,0.034131139755082175,,0.01343695302845778
2024-09-19 00:00:00+00:00,SOLUSDT,142.89,0.030464838970395317,,0.01343695302845778
2024-09-20 00:00:00+00:00,SOLUSDT,146.66,0.02669305003200747,0.02165019435809026,0.012677664823003745
2024-09-21 00:00:00+00:00,SOLUSDT,149.41,0.026779264804510317,0.021450249612487354,0.014492065987013272
2024-09-22 00:00:00+00:00,SOLUSDT,144.63,0.033053485233895764,0.039897210749827494,0.012939213682259157
2024-09-23 00:00:00+00:00,SOLUSDT,144.79,0.02366066618974497,0.0178142281200494,0.011837832599397115
2024-09-24 00:00:00+00:00,SOLUSDT,152.73,0.006165109709897161,0.029572326260596835,0.012026759232246791
2024-09-25 00:00:00+00:00,SOLUSDT,147.98,,0.028920477606292492,0.011857256333990221
2024-09-26 00:00:00+00:00,SOLUSDT,155.55,,,0.011857256333990221
2024-09-27 00:00:00+00:00,SOLUSDT,157.64,0.015337328103707762,0.018549271437075954,0.010549490809990349
2024-09-28 00:00:00+00:00,SOLUSDT,156.75,0.012336570239890099,0.01921189374914326,0.011070888996895727
2024-09-29 00:00:00+00:00,SOLUSDT,158.46,0.013276635248321558,0.006203246920357122,0.011317296794054063
2024-09-30 00:00:00+00:00,SOLUSDT,152.49,0.01560518369731831,,0.011317296794054063
2024-10-01 00:00:00+00:00,SOLUSDT,145.13,,,0.010456182787712464
2024-10-02 00:00:00+00:00,SOLUSDT,140.18,,,0.010456182787712464
2024-10-03 00:00:00+00:00,SOLUSDT,136.82,,0.028175555899298394,0.011286227071738106
2024-10-04 00:00:00+00:00,SOLUSDT,143.24,,0.007437053175952092,0.01042281225390249
2024-10-05 00:00:00+00:00,SOLUSDT,142.59,,0.00738689817003997,0.01097629901314224
2024-10-06 00:00:00+00:00,SOLUSDT,146.48,,,0.01097629901314224
2024-10-07 00:00:00+00:00,SOLUSDT,143.96,,,0.01097629901314224
2024-10-08 00:00:00+00:00,SOLUSDT,143.49,,0.017988167367778675,0.011263948117756353
2024-10-09 00:00:00+00:00,SOLUSDT,139.33,,,0.011263948117756353
2024-10-10 00:00:00+00:00,SOLUSDT,139.03,,,0.011263948117756353
2024-10-11 00:00:00+00:00,SOLUSDT,145.53,0.01088430796774238,,0.0111151319996835
2024-10-12 00:00:00+00:00,SOLUSDT,146.4,0.012658534626325787,0.01185726626519924,0.009300730835673973
2024-10-13 00:00:00+00:00,SOLUSDT,147.74,0.0047900855612376435,,0.008726630684379141
2024-10-14 00:00:00+00:00,SOLUSDT,157.59,,0.02779526524223657,0.009912810264163926
2024-10-15 00:00:00+00:00,SOLUSDT,154.76,0.012595254350486862,0.022264322078414545,0.008247042264270902
2024-10-16 00:00:00+00:00,SOLUSDT,154.28,,,0.006143668283464247
2024-10-17 00:00:00+00:00,SOLUSDT,150.5,,0.027625920864857326,0.007219580215748927
2024-10-18 00:00:00+00:00,SOLUSDT,154.94,,,0.0071560234287645335
2024-10-19 00:00:00+00:00,SOLUSDT,159.79,,,0.006634625241859156
2024-10-20 00:00:00+00:00,SOLUSDT,167.4,,0.011229943092953654,0.007703585914180239
2024-10-21 00:00:00+00:00,SOLUSDT,166.17,,0.038140522163290926,0.007876224702347799
2024-10-22 00:00:00+00:00,SOLUSDT,167.59,,0.023632183711557293,0.007876224702347799
2024-10-23 00:00:00+00:00,SOLUSDT,170.85,0.014566766609489074,,0.007876224702347799
2024-10-24 00:00:00+00:00,SOLUSDT,177.19,0.021360109524619322,0.00350088815991787,0.009053763322972891
2024-10-25 00:00:00+00:00,SOLUSDT,164.9,0.024842126493887454,0.04230766149297587,0.01019069790195148
2024-10-26 00:00:00+00:00,SOLUSDT,170.88,0.03136115312002707,,0.009637211142711731
2024-10-27 00:00:00+00:00,SOLUSDT,176.63,0.028339805830940486,0.018285692799237935,0.010256952163387604
2024-10-28 00:00:00+00:00,SOLUSDT,178.29,0.026578872414103828,,0.010256952163387604
2024-10-29 00:00:00+00:00,SOLUSDT,179.42,0.027926644847815877,0.006776655274965631,0.00996930305877349
2024-10-30 00:00:00+00:00,SOLUSDT,174.87,0.029324872176520283,,0.00996930305877349
2024-10-31 00:00:00+00:00,SOLUSDT,168.69,0.024953536207527133,0.01053275537118734,0.00996930305877349
2024-11-01 00:00:00+00:00,SOLUSDT,166.1,0.017796105078069377,0.007726413599233463,0.00996930305877349
2024-11-02 00:00:00+00:00,SOLUSDT,166.17,0.016984851663488836,0.001988741622923569,0.011030799241190664
2024-11-03 00:00:00+00:00,SOLUSDT,162.53,0.016025594673677424,0.026241140691882072,0.011604014803527194
2024-11-04 00:00:00+00:00,SOLUSDT,157.95,0.01160987759169617,0.026131322933599807,0.011234106509306317
2024-11-05 00:00:00+00:00,SOLUSDT,166.62,0.014348972594925763,,0.010981653639039442
2024-11-06 00:00:00+00:00,SOLUSDT,186.59,,,0.010981653639039442
2024-11-07 00:00:00+00:00,SOLUSDT,196.35,,,0.00990574170675476
2024-11-08 00:00:00+00:00,SOLUSDT,199.85,,0.031072680231068378,0.00990574170675476
2024-11-09 00:00:00+00:00,SOLUSDT,199.89,,,0.00990574170675476
2024-11-10 00:00:00+00:00,SOLUSDT,210.07,,0.006415756898134037,0.00859037323727534
2024-11-11 00:00:00+00:00,SOLUSDT,222.13,,0.08432295989213227,0.01183789055864238
2024-11-12 00:00:00+00:00,SOLUSDT,211.64,,0.04480149088029828,0.01183789055864238
2024-11-13 00:00:00+00:00,SOLUSDT,215.13,,0.03711569789195534,0.012521150183593047
2024-11-14 00:00:00+00:00,SOLUSDT,209.57,,0.04898950073223182,0.01168627485863318
2024-11-15 00:00:00+00:00,SOLUSDT,218.45,,0.007422174306044293,0.01094092381459776
2024-11-16 00:00:00+00:00,SOLUSDT,215.71,,0.013973589254970628,0.012938995236257668
2024-11-17 00:00:00+00:00,SOLUSDT,237.47,,,0.012319254215581795
2024-11-18 00:00:00+00:00,SOLUSDT,239.79,,0.05151924283356622,0.012659942732247994
2024-11-19 00:00:00+00:00,SOLUSDT,237.63,,0.01525699793700658,0.012659942732247994
2024-11-20 00:00:00+00:00,SOLUSDT,235.48,,0.02485142077009378,0.013781664230919614
2024-11-21 00:00:00+00:00,SOLUSDT,256.37,,,0.013781664230919614
2024-11-22 00:00:00+00:00,SOLUSDT,256.9,0.010064612696085624,0.039676671431660454,0.014205447172575977
2024-11-23 00:00:00+00:00,SOLUSDT,254.89,0.01190393319110068,,0.013143950990158807
2024-11-24 00:00:00+00:00,SOLUSDT,252.73,0.012178507852135406,0.029880473640173523,0.014409065906565951
2024-11-25 00:00:00+00:00,SOLUSDT,234.18,0.0014823518088081212,,0.012498637382189294
2024-11-26 00:00:00+00:00,SOLUSDT,230.69,,0.023922063923118433,0.012498637382189294
2024-11-27 00:00:00+00:00,SOLUSDT,241.96,,0.023942770895003053,0.01427804154745394
2024-11-28 00:00:00+00:00,SOLUSDT,237.59,0.031065340207700288,0.021544905701518832,0.015212500266954268
2024-11-29 00:00:00+00:00,SOLUSDT,243.33,0.03343404795179749,0.02698852809359633,0.01592583733557311
2024-11-30 00:00:00+00:00,SOLUSDT,237.6,0.03462508248283001,,0.01592583733557311
2024-12-01 00:00:00+00:00,SOLUSDT,236.8,0.03252612825638651,,0.01592583733557311
2024-12-02 00:00:00+00:00,SOLUSDT,225.72,0.03743459750110102,0.06282306916576089,0.013344289184823025
2024-12-03 00:00:00+00:00,SOLUSDT,233.92,0.0346446628815664,0.035994346459480034,0.014544634004670902
2024-12-04 00:00:00+00:00,SOLUSDT,229.15,0.0351275079490063,0.05653625087616847,0.015498126795154695
2024-12-05 00:00:00+00:00,SOLUSDT,235.84,0.03574474354510297,0.03057848707526945,0.013811018962228092
2024-12-06 00:00:00+00:00,SOLUSDT,236.87,0.0324856699541239,0.02619814381308291,0.013606836610029052
2024-12-07 00:00:00+00:00,SOLUSDT,238.14,0.03051415745645235,0.02249451111806378,0.011608765188369145
2024-12-08 00:00:00+00:00,SOLUSDT,237.02,0.024808933535407446,,0.011608765188369145
2024-12-09 00:00:00+00:00,SOLUSDT,216.63,0.026854549158946524,0.051329047091548126,0.011268076671702949
2024-12-10 00:00:00+00:00,SOLUSDT,213.6,0.023483069951580678,,0.011268076671702949
2024-12-11 00:00:00+00:00,SOLUSDT,227.29,0.025994627966730494,,0.010146355173031326
2024-12-12 00:00:00+00:00,SOLUSDT,226.96,0.02333253212483869,,0.010146355173031326
2024-12-13 00:00:00+00:00,SOLUSDT,224.79,0.026279021421958246,0.01430334413090171,0.010165183439590398
2024-12-14 00:00:00+00:00,SOLUSDT,219.93,0.026038317319238523,0.03754531704913221,0.010549006342200521
2024-12-15 00:00:00+00:00,SOLUSDT,224.27,0.02751452267198369,0.03332356436559916,0.010361298391978939
2024-12-16 00:00:00+00:00,SOLUSDT,216.19,0.0308755802727948,0.055582648261625976,0.012082854895494141
2024-12-17 00:00:00+00:00,SOLUSDT,223.15,0.03673026425673998,0.037478459375326505,0.014258661631320743
2024-12-18 00:00:00+00:00,SOLUSDT,206.53,0.0414871402290015,,0.012479257466056095
2024-12-19 00:00:00+00:00,SOLUSDT,193.81,0.028641061621487246,,0.01154479874655577
2024-12-20 00:00:00+00:00,SOLUSDT,194.48,0.03007866828844638,0.09416808387416181,0.013757521820998613
2024-12-21 00:00:00+00:00,SOLUSDT,181.45,0.03129770169553997,0.014023480479717524,0.015129854554097242
2024-12-22 00:00:00+00:00,SOLUSDT,180.52,0.03233826362735832,0.04343500720966919,0.016568253556032635
2024-12-23 00:00:00+00:00,SOLUSDT,190.11,0.029634735469654342,,0.015729645597248116
2024-12-24 00:00:00+00:00,SOLUSDT,197.09,,,0.014529300777400242
2024-12-25 00:00:00+00:00,SOLUSDT,197.44,,,0.01289254836196578
2024-12-26 00:00:00+00:00,SOLUSDT,188.46,,0.007846026337776138,0.013023853141191925
2024-12-27 00:00:00+00:00,SOLUSDT,184.22,,0.04559717835897449,0.014741857433614272
2024-12-28 00:00:00+00:00,SOLUSDT,195.5,0.00424592311762395,0.017610137368246886,0.016558075354335282
2024-12-29 00:00:00+00:00,SOLUSDT,189.94,0.017310528318044343,0.027002530192549123,0.017513321097194102
2024-12-30 00:00:00+00:00,SOLUSDT,191.38,0.01653242315895764,0.025768862643459386,0.017513321097194102
2024-12-31 00:00:00+00:00,SOLUSDT,189.31,0.020598207917580224,0.02718838696159546,0.019081941234897128
2025-01-01 00:00:00+00:00,SOLUSDT,194.28,0.018535950391501355,,0.019081941234897128
2025-01-02 00:00:00+00:00,SOLUSDT,208.31,,,0.019081941234897128
2025-01-03 00:00:00+00:00,SOLUSDT,217.99,,0.008147223815800393,0.02013536184332933
2025-01-04 00:00:00+00:00,SOLUSDT,216.67,,0.014570362014583909,0.0202325606126482
2025-01-05 00:00:00+00:00,SOLUSDT,213.41,,0.024403516407248412,0.019757616076789126
2025-01-06 00:00:00+00:00,SOLUSDT,218.22,,,0.01923302011016685
2025-01-07 00:00:00+00:00,SOLUSDT,202.17,,,0.017057213374340248
2025-01-08 00:00:00+00:00,SOLUSDT,197.48,,0.01721399794776366,0.018812301551207316
2025-01-09 00:00:00+00:00,SOLUSDT,184.95,,0.03201831603167246,0.02094415711526219
2025-01-10 00:00:00+00:00,SOLUSDT,187.68,,0.036693219417853924,0.0181974640621886
2025-01-11 00:00:00+00:00,SOLUSDT,188.09,,0.024608988617386033,0.016859971554698042
2025-01-12 00:00:00+00:00,SOLUSDT,188.51,,0.008915775728568522,0.01641569853713155
2025-01-13 00:00:00+00:00,SOLUSDT,182.87,,0.017914855156246686,0.01641569853713155
2025-01-14 00:00:00+00:00,SOLUSDT,187.57,,,0.01641569853713155
2025-01-15 00:00:00+00:00,SOLUSDT,205.86,,,0.01641569853713155
2025-01-16 00:00:00+00:00,SOLUSDT,211.14,,,0.016284393757905406
2025-01-17 00:00:00+00:00,SOLUSDT,219.51,,,0.01378505286030244
2025-01-18 00:00:00+00:00,SOLUSDT,261.97,,0.010921968898665181,0.011968834939581428
2025-01-19 00:00:00+00:00,SOLUSDT,252.42,,0.07074910716171119,0.011013589196722611
2025-01-20 00:00:00+00:00,SOLUSDT,242.19,,0.09366452617641939,0.012733384599282013
2025-01-21 00:00:00+00:00,SOLUSDT,250.33,,,0.011164764461578986
2025-01-22 00:00:00+00:00,SOLUSDT,257.36,,,0.011164764461578986
2025-01-23 00:00:00+00:00,SOLUSDT,253.11,,0.002116337709230347,0.011164764461578986
2025-01-24 00:00:00+00:00,SOLUSDT,253.37,,0.0319873186126472,0.009909566605600143
2025-01-25 00:00:00+00:00,SOLUSDT,256.41,,0.03856931921788393,0.011055261160748944
2025-01-26 00:00:00+00:00,SOLUSDT,240.5,,,0.009879583168085926
2025-01-27 00:00:00+00:00,SOLUSDT,234.89,,0.059507936434252555,0.00924980844598736
2025-01-28 00:00:00+00:00,SOLUSDT,227.06,,0.03535626925639138,0.011297666221891997
2025-01-29 00:00:00+00:00,SOLUSDT,228.16,,0.018945296806219515,0.011237749977925579
2025-01-30 00:00:00+00:00,SOLUSDT,238.31,,0.047124007832669915,0.010322673856700005
2025-01-31 00:00:00+00:00,SOLUSDT,231.77,,,0.010143306766711904
2025-02-01 00:00:00+00:00,SOLUSDT,213.03,,,0.010108466541103835
2025-02-02 00:00:00+00:00,SOLUSDT,203.51,,0.08366263361738913,0.009114340556734936
2025-02-03 00:00:00+00:00,SOLUSDT,216.28,,0.025401536576858195,0.013918193430863725
2025-02-04 00:00:00+00:00,SOLUSDT,206.64,,,0.013918193430863725
2025-02-05 00:00:00+00:00,SOLUSDT,196.12,,,0.013918193430863725
2025-02-06 00:00:00+00:00,SOLUSDT,189.54,,0.07369671696813741,0.016898224451470194
2025-02-07 00:00:00+00:00,SOLUSDT,191.99,,0.04437723673808442,0.018593914453544524
2025-02-08 00:00:00+00:00,SOLUSDT,199.32,0.02216514766957634,0.0021062268417595467,0.018593914453544524
2025-02-09 00:00:00+00:00,SOLUSDT,200.47,,0.043111203915764014,0.018593914453544524
2025-02-10 00:00:00+00:00,SOLUSDT,200.47,,0.03970045232169408,0.017083025493127298
2025-02-11 00:00:00+00:00,SOLUSDT,197.96,,,0.017083025493127298
2025-02-12 00:00:00+00:00,SOLUSDT,196.78,,0.0486357746013503,0.018679032105152024
2025-02-13 00:00:00+00:00,SOLUSDT,194.25,,,0.018679032105152024
2025-02-14 00:00:00+00:00,SOLUSDT,199.39,,0.010720888863490525,0.018438198144483237
2025-02-15 00:00:00+00:00,SOLUSDT,194.48,,,0.01681148191740544
2025-02-16 00:00:00+00:00,SOLUSDT,188.27,,,0.01681148191740544
2025-02-17 00:00:00+00:00,SOLUSDT,177.53,,,0.01624429610261108
2025-02-18 00:00:00+00:00,SOLUSDT,169.32,,0.04068190640965996,0.014196438326706442
2025-02-19 00:00:00+00:00,SOLUSDT,168.93,,0.013457623239630375,0.012613650119686544
2025-02-20 00:00:00+00:00,SOLUSDT,176.0,,0.03874992507520324,0.01303047473223884
2025-02-21 00:00:00+00:00,SOLUSDT,168.94,,0.022034995149566083,0.01491846317578284
2025-02-22 00:00:00+00:00,SOLUSDT,172.07,,0.015795557234746255,0.01564628019351269
2025-02-23 00:00:00+00:00,SOLUSDT,167.94,0.016049701282022908,,0.01564628019351269
2025-02-24 00:00:00+00:00,SOLUSDT,141.81,,,0.010842427319383905
2025-02-25 00:00:00+00:00,SOLUSDT,144.33,,0.07994672549044547,0.014726274885648398
2025-02-26 00:00:00+00:00,SOLUSDT,135.32,0.022391975302484445,0.0371370490479685,0.016725984322114966
2025-02-27 00:00:00+00:00,SOLUSDT,137.68,0.030698010728249913,0.024115564035909712,0.013745953301508497
2025-02-28 00:00:00+00:00,SOLUSDT,148.18,0.01610512805206081,0.010685265077388078,0.016186389366847853
2025-03-01 00:00:00+00:00,SOLUSDT,143.66,0.028813177740658634,0.010444123222670128,0.018824468349360038
2025-03-02 00:00:00+00:00,SOLUSDT,178.71,0.04214816348635784,0.2412257215488473,0.030323215044011628
2025-03-03 00:00:00+00:00,SOLUSDT,142.16,0.10855796408041297,,0.03011430860186945
2025-03-04 00:00:00+00:00,SOLUSDT,144.79,0.11520182156812771,,0.03011430860186945
2025-03-05 00:00:00+00:00,SOLUSDT,146.28,0.11449254693862682,0.023941616866565492,0.02851830198984472
2025-03-06 00:00:00+00:00,SOLUSDT,143.31,0.1146368278001063,0.017878148023438675,0.02851830198984472
2025-03-07 00:00:00+00:00,SOLUSDT,139.39,0.11462174524991531,0.018535344099978777,0.02851830198984472
2025-03-08 00:00:00+00:00,SOLUSDT,137.01,0.11432274348800235,,0.02851830198984472
2025-03-09 00:00:00+00:00,SOLUSDT,126.51,0.11440668619282096,,0.02851830198984472
2025-03-10 00:00:00+00:00,SOLUSDT,118.32,0.1123070516547236,0.06782086443857936,0.030759729614017697
2025-03-11 00:00:00+00:00,SOLUSDT,125.35,0.11647892981945304,,0.0307597296140177
2025-03-12 00:00:00+00:00,SOLUSDT,126.62,0.11461445190724724,0.045175305355805065,0.03134758302185242
2025-03-13 00:00:00+00:00,SOLUSDT,123.37,0.11541205895038678,0.001096009421185656,0.0318546153188164
2025-03-14 00:00:00+00:00,SOLUSDT,133.54,0.11496230434810416,0.0019733787756201007,0.0299666268752724
2025-03-15 00:00:00+00:00,SOLUSDT,135.86,0.11192232388370893,0.012348318726731125,0.031114375656011835
2025-03-16 00:00:00+00:00,SOLUSDT,126.13,0.11317463604394033,0.020687153241218344,0.03336568366762812
2025-03-17 00:00:00+00:00,SOLUSDT,128.01,0.11612511018920027,,0.03336568366762812
2025-03-18 00:00:00+00:00,SOLUSDT,125.33,0.11318282276876365,,0.02948183610136363
2025-03-19 00:00:00+00:00,SOLUSDT,135.33,0.11300612743187809,0.05970364695070013,0.030800248711185432
2025-03-20 00:00:00+00:00,SOLUSDT,127.6,0.11597647194783034,,0.030800248711185432
2025-03-21 00:00:00+00:00,SOLUSDT,128.48,0.11785111476803309,,0.026664122643771743
2025-03-22 00:00:00+00:00,SOLUSDT,128.51,0.11610908461676542,0.015883194013828063,0.025373381151715807
2025-03-23 00:00:00+00:00,SOLUSDT,132.84,0.11086286986291909,,0.013874634457064222
2025-03-24 00:00:00+00:00,SOLUSDT,141.01,0.040156448659992225,0.007928939575013127,0.013874634457064222
2025-03-25 00:00:00+00:00,SOLUSDT,143.64,0.023037883420676933,0.030308054690614414,0.014971844500546883
2025-03-26 00:00:00+00:00,SOLUSDT,137.34,0.027170097096461263,0.013920743785785832,0.01590838748586296
2025-03-27 00:00:00+00:00,SOLUSDT,138.43,0.02798465849093638,,0.017053986647314532
2025-03-28 00:00:00+00:00,SOLUSDT,129.49,0.03171708453550801,,0.017053986647314532
2025-03-29 00:00:00+00:00,SOLUSDT,124.58,0.02505562366865511,0.019438261292858534,0.01776482495010082
2025-03-30 00:00:00+00:00,SOLUSDT,124.82,0.029372495490314284,0.027844009522422965,0.01799132757700472
2025-03-31 00:00:00+00:00,SOLUSDT,124.54,0.04372803540578556,0.013253034953853715,0.016777261288041148
2025-04-01 00:00:00+00:00,SOLUSDT,126.67,0.034041865035413225,0.022121972401386338,0.016777261288041148
2025-04-02 00:00:00+00:00,SOLUSDT,117.42,0.038984096647190304,,0.016077024154325666
2025-04-03 00:00:00+00:00,SOLUSDT,117.17,0.03846531173693054,0.04301040578795947,0.013936387801980102
2025-04-04 00:00:00+00:00,SOLUSDT,122.79,0.03304199795226794,0.028223294766073524,0.01667483780571883
2025-04-05 00:00:00+00:00,SOLUSDT,120.32,0.04013633988912248,,0.016171052360883394
2025-04-06 00:00:00+00:00,SOLUSDT,105.91,0.0306844458245568,,0.013919744349267106
2025-04-07 00:00:00+00:00,SOLUSDT,106.99,0.032815277972752695,0.05297797371141257,0.013919744349267106
2025-04-08 00:00:00+00:00,SOLUSDT,105.4,0.03227990933439699,0.05103606765584145,0.016991501698920514
2025-04-09 00:00:00+00:00,SOLUSDT,119.05,0.031581264621994475,0.06027450433180345,0.019225737607602295
2025-04-10 00:00:00+00:00,SOLUSDT,112.81,0.03666936367103518,0.017084387236883363,0.020814867623349286
2025-04-11 00:00:00+00:00,SOLUSDT,121.41,0.04439487975318131,,0.020814867623349286
2025-04-12 00:00:00+00:00,SOLUSDT,132.24,0.025177229506895805,0.04292210086115037,0.022321962242706037
2025-04-13 00:00:00+00:00,SOLUSDT,128.38,0.03387920464043795,0.01961412520248185,0.023844548919387195
2025-04-14 00:00:00+00:00,SOLUSDT,129.42,0.040353239534839346,0.02864067443957694,0.02478541997950723
2025-04-15 00:00:00+00:00,SOLUSDT,126.11,0.04437568354144858,0.047486833441198854,0.02602536119256865
2025-04-16 00:00:00+00:00,SOLUSDT,131.33,0.04430295802395716,,0.025088818207252568
2025-04-17 00:00:00+00:00,SOLUSDT,134.83,0.04042590233971074,0.015720910586103674,0.024722962774785303
2025-04-18 00:00:00+00:00,SOLUSDT,134.04,0.03923924050013836,,0.025256910380851788
2025-04-19 00:00:00+00:00,SOLUSDT,139.87,0.04639650990459054,0.017290391383423424,0.025768687846538636
2025-04-20 00:00:00+00:00,SOLUSDT,137.86,0.04829583731208718,0.03337348899330742,0.026047367821691397
2025-04-21 00:00:00+00:00,SOLUSDT,136.56,0.04776855240935027,0.03156612047654109,0.027277355315159665
2025-04-22 00:00:00+00:00,SOLUSDT,148.79,0.049907803374719374,,0.027277355315159665
2025-04-23 00:00:00+00:00,SOLUSDT,151.1,0.047060142484254566,0.02189614945481533,0.027932354570640593
2025-04-24 00:00:00+00:00,SOLUSDT,152.55,0.04964607481647484,,0.027932354570640593
2025-04-25 00:00:00+00:00,SOLUSDT,150.82,0.048471727170381916,,0.02519390456690187
2025-04-26 00:00:00+00:00,SOLUSDT,149.21,0.04515887287225095,,0.023822124213268014
2025-04-27 00:00:00+00:00,SOLUSDT,147.98,0.05295407075840602,0.02094767763727808,0.023822124213268014
2025-04-28 00:00:00+00:00,SOLUSDT,147.84,0.053743704660726664,0.025097062249604285,0.023822124213268014
2025-04-29 00:00:00+00:00,SOLUSDT,146.31,0.05325360001245187,,0.020750366863614606
2025-04-30 00:00:00+00:00,SOLUSDT,147.54,0.04635436978624481,,0.015198008908644449
2025-05-01 00:00:00+00:00,SOLUSDT,150.85,0.026905147870977284,0.02007190883790895,0.013854690069882089
2025-05-02 00:00:00+00:00,SOLUSDT,148.05,,,0.013854690069882089
2025-05-03 00:00:00+00:00,SOLUSDT,146.71,0.02897904854914815,,0.01100025796006909
2025-05-04 00:00:00+00:00,SOLUSDT,143.95,0.014697917463426696,0.024262402371023048,0.010391829276197933
2025-05-05 00:00:00+00:00,SOLUSDT,146.72,0.016254136336464164,0.02503118988595859,0.010751094708564715
2025-05-06 00:00:00+00:00,SOLUSDT,146.88,0.0162366406140586,,0.008413943452020636
2025-05-07 00:00:00+00:00,SOLUSDT,147.32,0.0061210884862835015,,0.008413943452020636
2025-05-08 00:00:00+00:00,SOLUSDT,164.46,0.01534667975960582,,0.007634199723036332
2025-05-09 00:00:00+00:00,SOLUSDT,172.78,,0.00429262051811151,0.0071002521169698475
2025-05-10 00:00:00+00:00,SOLUSDT,177.89,,0.047704223511131724,0.007831553467386667
2025-05-11 00:00:00+00:00,SOLUSDT,173.19,,0.054384704942002864,0.008175189888908533
2025-05-12 00:00:00+00:00,SOLUSDT,174.22,,0.05771847988150534,0.006326520714578958
2025-05-13 00:00:00+00:00,SOLUSDT,183.75,,0.043601920273397876,0.009693559148599241
2025-05-14 00:00:00+00:00,SOLUSDT,176.64,,,0.009038559893118317
2025-05-15 00:00:00+00:00,SOLUSDT,169.16,,0.029482984932321467,0.010087663013325525
2025-05-16 00:00:00+00:00,SOLUSDT,167.4,,,0.010087663013325523
2025-05-17 00:00:00+00:00,SOLUSDT,165.94,,0.012602732139414192,0.01132914105753799
2025-05-18 00:00:00+00:00,SOLUSDT,173.3,,0.023143193507996672,0.013735224611993549
2025-05-19 00:00:00+00:00,SOLUSDT,166.86,,0.033357116281918564,0.013735224611993549
2025-05-20 00:00:00+00:00,SOLUSDT,168.59,,0.029767158717121673,0.014065264262629676
2025-05-21 00:00:00+00:00,SOLUSDT,173.53,,,0.014065264262629676
2025-05-22 00:00:00+00:00,SOLUSDT,179.68,,0.02166511828030733,0.013819453085645047
2025-05-23 00:00:00+00:00,SOLUSDT,174.01,,0.0057604904670380975,0.015418034942910271
2025-05-24 00:00:00+00:00,SOLUSDT,175.87,,0.006833462053408367,0.0160598847620885
2025-05-25 00:00:00+00:00,SOLUSDT,175.74,,,0.0151457267692785
2025-05-26 00:00:00+00:00,SOLUSDT,174.91,,0.023200029501153758,0.01422361512668735
2025-05-27 00:00:00+00:00,SOLUSDT,176.71,,0.01827211263332267,0.015452476245092892
2025-05-28 00:00:00+00:00,SOLUSDT,172.21,,0.016609800759772038,0.015452476245092892
2025-05-29 00:00:00+00:00,SOLUSDT,166.71,,,0.015452476245092892
2025-05-30 00:00:00+00:00,SOLUSDT,156.2,,,0.015452476245092892
2025-05-31 00:00:00+00:00,SOLUSDT,156.45,0.01502399864516174,0.03057311342623657,0.01458361568618312
2025-06-01 00:00:00+00:00,SOLUSDT,157.68,0.0076482193152078385,0.0308232811749474,0.015502147110459072
2025-06-02 00:00:00+00:00,SOLUSDT,156.83,0.0037963029862697834,,0.015093467456110964
2025-06-03 00:00:00+00:00,SOLUSDT,155.19,0.01189213668192157,0.0009111677725620369,0.012301114829411661
2025-06-04 00:00:00+00:00,SOLUSDT,153.26,,,0.012301114829411661
2025-06-05 00:00:00+00:00,SOLUSDT,144.29,,0.03904314466364297,0.013706151274960263
2025-06-06 00:00:00+00:00,SOLUSDT,147.83,0.01695001022625075,0.02395503731540722,0.014249562532367874
2025-06-07 00:00:00+00:00,SOLUSDT,150.06,0.01280102221231655,0.01746847955655212,0.013008084488155406
2025-06-08 00:00:00+00:00,SOLUSDT,152.45,0.00664976986436805,0.00638910435671313,0.010602000933699849
2025-06-09 00:00:00+00:00,SOLUSDT,161.16,,,0.011284557596285306
2025-06-10 00:00:00+00:00,SOLUSDT,165.12,,0.015467547927839134,0.01236339241367975
2025-06-11 00:00:00+00:00,SOLUSDT,160.97,,,0.01236339241367975
2025-06-12 00:00:00+00:00,SOLUSDT,152.32,,,0.01236339241367975
2025-06-13 00:00:00+00:00,SOLUSDT,148.6,,0.028598094173908142,0.012560469980553126
2025-06-14 00:00:00+00:00,SOLUSDT,144.64,,,0.012998359806990968
2025-06-15 00:00:00+00:00,SOLUSDT,152.97,,,0.012998359806990968
2025-06-16 00:00:00+00:00,SOLUSDT,150.72,,,0.012620334957095298
2025-06-17 00:00:00+00:00,SOLUSDT,147.57,,,0.011391473838689754
2025-06-18 00:00:00+00:00,SOLUSDT,146.34,,0.01919252218663473,0.011391473838689754
2025-06-19 00:00:00+00:00,SOLUSDT,147.04,,0.014848034384177748,0.013262755837311355
2025-06-20 00:00:00+00:00,SOLUSDT,140.11,,,0.013262755837311355
2025-06-21 00:00:00+00:00,SOLUSDT,135.43,,,0.01217769927733117
2025-06-22 00:00:00+00:00,SOLUSDT,131.71,,,0.0104103488294767
2025-06-23 00:00:00+00:00,SOLUSDT,144.51,,0.00964863075819624,0.010410348829476699
2025-06-24 00:00:00+00:00,SOLUSDT,145.92,,0.025758572584341794,0.010548840910731242
2025-06-25 00:00:00+00:00,SOLUSDT,143.57,,0.02627210469058538,0.010548840910731242
2025-06-26 00:00:00+00:00,SOLUSDT,139.06,,0.02198261345896559,0.009993629240402526
2025-06-27 00:00:00+00:00,SOLUSDT,142.09,,,0.009450217982994915
2025-06-28 00:00:00+00:00,SOLUSDT,150.72,,,0.009450217982994915
2025-06-29 00:00:00+00:00,SOLUSDT,153.32,,0.019619280647923697,0.009450217982994915
2025-06-30 00:00:00+00:00,SOLUSDT,154.81,,,0.00933533506862991
2025-07-01 00:00:00+00:00,SOLUSDT,146.88,,0.048580960541654984,0.010006382669292808
2025-07-02 00:00:00+00:00,SOLUSDT,152.27,,0.004485426420627729,0.010006382669292808
2025-07-03 00:00:00+00:00,SOLUSDT,152.36,,,0.010006382669292808
2025-07-04 00:00:00+00:00,SOLUSDT,147.7,0.01291757736282791,0.007338033544100605,0.008210723245154206
2025-07-05 00:00:00+00:00,SOLUSDT,147.55,0.01711671653378109,,0.007130983599538136
2025-07-06 00:00:00+00:00,SOLUSDT,151.86,,0.03406506040411833,0.00800886698417809
2025-07-07 00:00:00+00:00,SOLUSDT,148.88,,0.02979582722975597,0.009024709810196598
2025-07-08 00:00:00+00:00,SOLUSDT,151.67,0.008869204582518882,,0.009024709810196598
2025-07-09 00:00:00+00:00,SOLUSDT,157.05,0.0024949700444540767,,0.009024709810196598
2025-07-10 00:00:00+00:00,SOLUSDT,164.34,,0.007507789207551988,0.007987868579098676
2025-07-11 00:00:00+00:00,SOLUSDT,162.93,,0.002596230590206762,0.007987868579098676
2025-07-12 00:00:00+00:00,SOLUSDT,160.69,0.01566972925468146,0.018038667884153994,0.008193617222099802
2025-07-13 00:00:00+00:00,SOLUSDT,161.15,0.022923960172444493,0.0034238790779134976,0.009131749874066123
2025-07-14 00:00:00+00:00,SOLUSDT,162.21,,,0.009131749874066123
2025-07-15 00:00:00+00:00,SOLUSDT,163.98,,,0.008418571985490604
2025-07-16 00:00:00+00:00,SOLUSDT,173.63,,0.00857520951729769,0.009031938446015506
2025-07-17 00:00:00+00:00,SOLUSDT,175.87,0.008306460925928637,,0.007133010550588408
2025-07-18 00:00:00+00:00,SOLUSDT,177.28,,0.01241858738026566,0.007133010550588408
2025-07-19 00:00:00+00:00,SOLUSDT,176.96,0.009002936892558237,,0.007133010550588408
2025-07-20 00:00:00+00:00,SOLUSDT,181.43,0.014520967603680856,,0.007133010550588408
2025-07-21 00:00:00+00:00,SOLUSDT,195.72,,,0.006565336802367959
2025-07-22 00:00:00+00:00,SOLUSDT,205.7,,0.03314738070921978,0.008277939868939614
2025-07-23 00:00:00+00:00,SOLUSDT,189.4,,,0.008277939868939614
2025-07-24 00:00:00+00:00,SOLUSDT,182.87,,0.008995294911649172,0.008277939868939614
2025-07-25 00:00:00+00:00,SOLUSDT,186.76,,,0.008277939868939614
2025-07-26 00:00:00+00:00,SOLUSDT,184.88,,0.023883663101043225,0.009508863195429611
2025-07-27 00:00:00+00:00,SOLUSDT,188.64,,0.017851310200106316,0.008739311494089488
2025-07-28 00:00:00+00:00,SOLUSDT,183.11,,,0.007723468668070979
2025-07-29 00:00:00+00:00,SOLUSDT,181.48,,,0.007723468668070979
2025-07-30 00:00:00+00:00,SOLUSDT,177.77,,0.05775607744309328,0.008298838391535734
2025-07-31 00:00:00+00:00,SOLUSDT,172.22,,,0.007464397624012055
2025-08-01 00:00:00+00:00,SOLUSDT,162.71,,,0.007464397624012055
2025-08-02 00:00:00+00:00,SOLUSDT,158.48,,0.033756383074067246,0.008185806876735232
2025-08-03 00:00:00+00:00,SOLUSDT,161.97,,,0.00724767422476891
2025-08-04 00:00:00+00:00,SOLUSDT,169.55,,0.044091604014301886,0.00927104184974185
2025-08-05 00:00:00+00:00,SOLUSDT,164.09,,0.04457834408193865,0.0103094521351597
2025-08-06 00:00:00+00:00,SOLUSDT,168.09,,,0.009696085674634798
2025-08-07 00:00:00+00:00,SOLUSDT,175.36,,,0.009696085674634798
2025-08-08 00:00:00+00:00,SOLUSDT,176.78,,,0.009696085674634798
2025-08-09 00:00:00+00:00,SOLUSDT,179.95,,0.019962061982204297,0.009875679879276643
2025-08-10 00:00:00+00:00,SOLUSDT,182.66,,0.033777248077644935,0.010672556533657465
2025-08-11 00:00:00+00:00,SOLUSDT,174.84,,0.05253434618823808,0.014221159147057492
2025-08-12 00:00:00+00:00,SOLUSDT,191.78,0.02731025989861439,,0.010428634011792368
2025-08-13 00:00:00+00:00,SOLUSDT,201.51,,0.04425808605520489,0.012092897603591793
2025-08-14 00:00:00+00:00,SOLUSDT,192.47,,0.012212265800296856,0.012092897603591793
2025-08-15 00:00:00+00:00,SOLUSDT,185.72,,0.010174793118160346,0.013628898703410244
2025-08-16 00:00:00+00:00,SOLUSDT,189.6,,,0.012397975376920247
2025-08-17 00:00:00+00:00,SOLUSDT,190.99,,,0.012289643693620416
2025-08-18 00:00:00+00:00,SOLUSDT,182.94,,,0.012289643693620416
2025-08-19 00:00:00+00:00,SOLUSDT,176.22,,0.045574444192630036,0.014981512038252476
2025-08-20 00:00:00+00:00,SOLUSDT,187.94,,0.025462230505201734,0.016678899106441387
2025-08-21 00:00:00+00:00,SOLUSDT,180.29,0.020240069487046927,0.029061008952597205,0.01996486163172213
2025-08-22 00:00:00+00:00,SOLUSDT,200.69,0.04157101353100286,,0.01996486163172213
2025-08-23 00:00:00+00:00,SOLUSDT,204.14,0.04556686204847891,0.005910603345464652,0.019037703735997825
2025-08-24 00:00:00+00:00,SOLUSDT,205.98,0.044774096591466056,0.022924410268418693,0.019037703735997825
2025-08-25 00:00:00+00:00,SOLUSDT,187.2,0.044974025025195895,0.03450051720727262,0.020653000479488988
2025-08-26 00:00:00+00:00,SOLUSDT,195.86,0.050280558197691984,,0.01961459019407114
2025-08-27 00:00:00+00:00,SOLUSDT,202.95,0.04689975235209836,0.0074733128161694985,0.01961459019407114
2025-08-28 00:00:00+00:00,SOLUSDT,214.43,0.045338469376929764,0.06340386892654752,0.02207922818556627
2025-08-29 00:00:00+00:00,SOLUSDT,205.08,0.05037796914711,0.0005928525464790873,0.02207922818556627
2025-08-30 00:00:00+00:00,SOLUSDT,202.7,0.04843988757055324,0.022868020679239407,0.021899633980924423
2025-08-31 00:00:00+00:00,SOLUSDT,200.62,0.048098307116609104,,0.0211027573265436
2025-09-01 00:00:00+00:00,SOLUSDT,197.32,0.04636949608032694,0.013140108616132032,0.019181275250884873
2025-09-02 00:00:00+00:00,SOLUSDT,209.65,0.039198307033567005,,0.019181275250884873
2025-09-03 00:00:00+00:00,SOLUSDT,210.77,0.0481949826739273,0.004132729444294738,0.018197157357633505
2025-09-04 00:00:00+00:00,SOLUSDT,202.32,0.04353488345998776,0.03021229139303758,0.019942057849930157
2025-09-05 00:00:00+00:00,SOLUSDT,203.36,0.04781983598986102,,0.018406056750111706
2025-09-06 00:00:00+00:00,SOLUSDT,200.16,0.046465881668351756,0.01032000140776023,0.0196554659413056
2025-09-07 00:00:00+00:00,SOLUSDT,206.35,0.04773875094199055,,0.0196554659413056
2025-09-08 00:00:00+00:00,SOLUSDT,214.11,0.045466307364194894,0.004629455442675869,0.0196554659413056
2025-09-09 00:00:00+00:00,SOLUSDT,217.21,0.049807986716078514,,0.016963597596673537
2025-09-10 00:00:00+00:00,SOLUSDT,224.07,0.04411735991996226,,0.014690840805019872
2025-09-11 00:00:00+00:00,SOLUSDT,228.73,0.03648949438655423,,0.011404878279739131
2025-09-12 00:00:00+00:00,SOLUSDT,242.18,0.015255316724848561,0.01967422563794145,0.01290194916027468
2025-09-13 00:00:00+00:00,SOLUSDT,242.38,0.021681710962436956,,0.01290194916027468
2025-09-14 00:00:00+00:00,SOLUSDT,239.76,0.02105971553138175,,0.01290194916027468
2025-09-15 00:00:00+00:00,SOLUSDT,234.31,0.017270780477219864,0.031322741750771294,0.010135597201901634
2025-09-16 00:00:00+00:00,SOLUSDT,236.96,,0.020496617175453258,0.010135597201901632
2025-09-17 00:00:00+00:00,SOLUSDT,244.84,,,0.010135597201901632
2025-09-18 00:00:00+00:00,SOLUSDT,247.5,,,0.007670959210406501
2025-09-19 00:00:00+00:00,SOLUSDT,238.53,,0.006877222779518841,0.00818832380453366
2025-09-20 00:00:00+00:00,SOLUSDT,239.48,,0.01309627391084214,0.008438903225154943
2025-09-21 00:00:00+00:00,SOLUSDT,236.16,,,0.008438903225154943
2025-09-22 00:00:00+00:00,SOLUSDT,220.38,,,0.006811782687413642
2025-09-23 00:00:00+00:00,SOLUSDT,213.3,,,0.006811782687413642
2025-09-24 00:00:00+00:00,SOLUSDT,211.6,,,0.007609627488747194
2025-09-25 00:00:00+00:00,SOLUSDT,192.74,,0.050617122248454854,0.009185608065133178
2025-09-26 00:00:00+00:00,SOLUSDT,205.17,,0.011795811459342928,0.011184732209717512
2025-09-27 00:00:00+00:00,SOLUSDT,203.46,,0.013633281881627674,0.00993532301852362
2025-09-28 00:00:00+00:00,SOLUSDT,210.83,,,0.011218581952674282
2025-09-29 00:00:00+00:00,SOLUSDT,212.75,,0.039050402226914,0.01278522013012652
2025-09-30 00:00:00+00:00,SOLUSDT,208.68,,0.005611289007653049,0.013323433765284423
2025-10-01 00:00:00+00:00,SOLUSDT,222.04,0.017469523812488556,,0.013323433765284423
2025-10-02 00:00:00+00:00,SOLUSDT,234.74,,0.008875671577339444,0.015193367346746253
2025-10-03 00:00:00+00:00,SOLUSDT,232.84,0.0074375979113945586,0.01157479102115395,0.01442855548525584
2025-10-04 00:00:00+00:00,SOLUSDT,227.86,0.007903424206682079,0.01610535753759023,0.015308581448352185
2025-10-05 00:00:00+00:00,SOLUSDT,228.56,0.00888480640786896,0.0365468040574239,0.016800426247344555
2025-10-06 00:00:00+00:00,SOLUSDT,232.35,0.009721724912272512,0.004972842570287177,0.0159281138372535
2025-10-07 00:00:00+00:00,SOLUSDT,219.97,0.015000515021664445,0.021227917588945086,0.018083585510388408
2025-10-08 00:00:00+00:00,SOLUSDT,229.02,0.027955106529905595,0.052923971172080794,0.020525766322434927
2025-10-09 00:00:00+00:00,SOLUSDT,220.93,0.03416279498252346,,0.020525766322434927
2025-10-10 00:00:00+00:00,SOLUSDT,188.43,0.011206155331121908,0.04246149624198813,0.02000840172830777
2025-10-11 00:00:00+00:00,SOLUSDT,177.62,,0.07382158715169584,0.022712646755806042
2025-10-12 00:00:00+00:00,SOLUSDT,197.0,,,0.022712646755806042
2025-10-13 00:00:00+00:00,SOLUSDT,208.69,,0.08089655703748168,0.02667643977216471
2025-10-14 00:00:00+00:00,SOLUSDT,202.44,,0.07380289815445926,0.027538877434793302
2025-10-15 00:00:00+00:00,SOLUSDT,193.84,,,0.0260608869349117
2025-10-16 00:00:00+00:00,SOLUSDT,184.85,,,0.022740005866229058
2025-10-17 00:00:00+00:00,SOLUSDT,181.96,,0.009901231856923492,0.020740881721644726
2025-10-18 00:00:00+00:00,SOLUSDT,187.56,,0.008533016197335649,0.020740881721644726
2025-10-19 00:00:00+00:00,SOLUSDT,187.86,,0.03505495742185133,0.019457622787494064
2025-10-20 00:00:00+00:00,SOLUSDT,189.71,,0.04378479085767567,0.017890984610041825
2025-10-21 00:00:00+00:00,SOLUSDT,185.63,,,0.017352770974883924
2025-10-22 00:00:00+00:00,SOLUSDT,180.12,,0.011400554094586835,0.019234243856167038
2025-10-23 00:00:00+00:00,SOLUSDT,191.35,,,0.017364310274705207
2025-10-24 00:00:00+00:00,SOLUSDT,193.59,,0.011891953870114299,0.016889656781678117
2025-10-25 00:00:00+00:00,SOLUSDT,193.84,,0.0006700632962509061,0.016009630818581776
2025-10-26 00:00:00+00:00,SOLUSDT,200.03,,,0.014517786019589403
2025-10-27 00:00:00+00:00,SOLUSDT,198.7,,0.009502954560102087,0.014517786019589403
2025-10-28 00:00:00+00:00,SOLUSDT,194.15,,0.04773897318350252,0.013294615689209512
2025-10-29 00:00:00+00:00,SOLUSDT,193.88,,0.0002618902155841164,0.010852434877162994
2025-10-30 00:00:00+00:00,SOLUSDT,184.69,,0.013930010195007425,0.012287138472510733
2025-10-31 00:00:00+00:00,SOLUSDT,187.21,,0.013096910369646868,0.012610054637852534
2025-11-01 00:00:00+00:00,SOLUSDT,186.35,,0.01337562655709507,0.010122685283949325
2025-11-02 00:00:00+00:00,SOLUSDT,187.71,,0.009453176158996305,0.01300135540947477
2025-11-03 00:00:00+00:00,SOLUSDT,166.06,0.012518376842078384,,0.009037562393116098
2025-11-04 00:00:00+00:00,SOLUSDT,155.03,,0.08587460494845402,0.008664774445988165
2025-11-05 00:00:00+00:00,SOLUSDT,162.37,,0.03754244379882559,0.011916302265930587
2025-11-06 00:00:00+00:00,SOLUSDT,155.28,0.005983276632258337,0.0422985171940958,0.013251290566619592
2025-11-07 00:00:00+00:00,SOLUSDT,161.79,0.021286974966412853,0.032306762682281276,0.01485332135720703
2025-11-08 00:00:00+00:00,SOLUSDT,158.02,0.023409002356071993,0.04780208645014686,0.01633558839911246
2025-11-09 00:00:00+00:00,SOLUSDT,164.53,0.02779774205755742,,0.01633558839911246
2025-11-10 00:00:00+00:00,SOLUSDT,167.31,0.02414141520596162,0.018849410053585484,0.017113025459667752
2025-11-11 00:00:00+00:00,SOLUSDT,154.63,0.029398619991937817,,0.01919428563874585
2025-11-12 00:00:00+00:00,SOLUSDT,153.42,0.030529034275266372,,0.01731281275746274
2025-11-13 00:00:00+00:00,SOLUSDT,144.73,0.024967989331924414,,0.01731281275746274
2025-11-14 00:00:00+00:00,SOLUSDT,138.92,0.027243173152465425,0.029061412442948503,0.01851710332632115
2025-11-15 00:00:00+00:00,SOLUSDT,139.61,0.030667312228681735,0.009367521809562742,0.01851710332632115
2025-11-16 00:00:00+00:00,SOLUSDT,137.17,0.033286250647425096,0.04186405437113925,0.01851710332632115
2025-11-17 00:00:00+00:00,SOLUSDT,130.99,0.03494874508990827,0.09101415954438838,0.02183669595463931
2025-11-18 00:00:00+00:00,SOLUSDT,140.69,0.041134307342101474,0.07395380105464408,0.02412030558512714
2025-11-19 00:00:00+00:00,SOLUSDT,137.06,0.043100916221581034,0.07326464542036662,0.02412030558512714
2025-11-20 00:00:00+00:00,SOLUSDT,133.67,0.04176531551469705,,0.022685601989779397
2025-11-21 00:00:00+00:00,SOLUSDT,128.68,0.03884094963948906,0.016262125039752218,0.022933337042020486
2025-11-22 00:00:00+00:00,SOLUSDT,127.59,0.04036798045512827,,0.022465881947804137
2025-11-23 00:00:00+00:00,SOLUSDT,130.58,0.04023718785202689,0.01123923714163035,0.019587211822278693
2025-11-24 00:00:00+00:00,SOLUSDT,138.44,0.022124485664536047,0.02681043860822384,0.021476912354492513
2025-11-25 00:00:00+00:00,SOLUSDT,138.96,0.041122798587418345,0.0037352746809742694,0.020987262638991856
2025-11-26 00:00:00+00:00,SOLUSDT,143.02,0.03124528580882451,0.0126569914096346,0.018669110833818163
2025-11-27 00:00:00+00:00,SOLUSDT,140.85,0.025236406624625625,0.0035573684162819525,0.017334122533129156
2025-11-28 00:00:00+00:00,SOLUSDT,137.33,0.015071314073755965,,0.01573209174254172
2025-11-29 00:00:00+00:00,SOLUSDT,135.91,0.007994404452361605,0.013524504133700292,0.014688133804302067
2025-11-30 00:00:00+00:00,SOLUSDT,133.48,,,0.01468813380430207
2025-12-01 00:00:00+00:00,SOLUSDT,126.66,0.010059661548363116,0.009900119257785889,0.01635228627743987
2025-12-02 00:00:00+00:00,SOLUSDT,138.68,0.022852508636677257,,0.014271026098361774
2025-12-03 00:00:00+00:00,SOLUSDT,144.67,,0.05432710220753886,0.015992102569886448
2025-12-04 00:00:00+00:00,SOLUSDT,139.01,0.006512314199592081,,0.015992102569886448
2025-12-05 00:00:00+00:00,SOLUSDT,133.29,0.013347826445298316,0.007386366547597341,0.014530206475009985
2025-12-06 00:00:00+00:00,SOLUSDT,132.19,0.00857633592142884,0.00827868158544686,0.014530206475009985
2025-12-07 00:00:00+00:00,SOLUSDT,132.24,0.007363999364430534,0.00018731395544872918,0.014530206475009985
2025-12-08 00:00:00+00:00,SOLUSDT,133.25,0.013828139827123647,0.03693839850690536,0.013483431035707403
2025-12-09 00:00:00+00:00,SOLUSDT,137.88,,0.03134392241646861,0.010610249757755805
2025-12-10 00:00:00+00:00,SOLUSDT,136.26,,,0.010610249757755805
2025-12-11 00:00:00+00:00,SOLUSDT,136.41,,0.03653454369763996,0.01200019804622319
2025-12-12 00:00:00+00:00,SOLUSDT,132.27,,0.006660797173705098,0.01241753957492022
2025-12-13 00:00:00+00:00,SOLUSDT,133.14,,,0.012918656875144105
2025-12-14 00:00:00+00:00,SOLUSDT,129.4,,0.02369338720017648,0.012918656875144105
2025-12-15 00:00:00+00:00,SOLUSDT,127.81,,0.021569001535176578,0.011028956342930283
2025-12-16 00:00:00+00:00,SOLUSDT,129.15,,0.019997292629269314,0.012254755711819835
2025-12-17 00:00:00+00:00,SOLUSDT,123.27,0.010960968852061118,0.00827910631914028,0.011321379697051107
2025-12-18 00:00:00+00:00,SOLUSDT,119.6,,0.07381631612199006,0.013775714006683674
2025-12-19 00:00:00+00:00,SOLUSDT,126.27,0.013528151211969756,0.0022818873633248145,0.014386406256388337
2025-12-20 00:00:00+00:00,SOLUSDT,125.81,0.014359882320615667,0.0019088372515401423,0.013948097152722558
2025-12-21 00:00:00+00:00,SOLUSDT,126.03,0.01501573733551268,0.004261571568011952,0.013948097152722558
2025-12-22 00:00:00+00:00,SOLUSDT,125.93,0.019388402868650755,,0.011506507619029462
2025-12-23 00:00:00+00:00,SOLUSDT,124.01,,,0.011506507619029462
2025-12-24 00:00:00+00:00,SOLUSDT,122.53,0.01805747135741476,0.024632354294251667,0.009934829390423562
2025-12-25 00:00:00+00:00,SOLUSDT,120.06,,0.03313384861469167,0.011545412215289673
2025-12-26 00:00:00+00:00,SOLUSDT,122.26,0.017108114959178203,0.015914789238090168,0.011545412215289673
2025-12-27 00:00:00+00:00,SOLUSDT,124.73,0.01472803058060674,0.006466513504368456,0.012075317779862694
2025-12-28 00:00:00+00:00,SOLUSDT,125.27,0.013460169219370871,0.008060266741588057,0.012075317779862694
2025-12-29 00:00:00+00:00,SOLUSDT,123.28,0.014343492177793543,0.018413516178470313,0.0112686085022301
2025-12-30 00:00:00+00:00,SOLUSDT,125.01,0.018297974152010232,0.007133221039928066,0.010925878806938858
2025-12-31 00:00:00+00:00,SOLUSDT,124.65,0.01651203629110499,0.009376509769124642,0.012292607253014858
2026-01-01 00:00:00+00:00,SOLUSDT,126.9,0.01607940163896153,,0.010902658964547472
2026-01-02 00:00:00+00:00,SOLUSDT,132.29,0.006445064892511581,0.008336380851625518,0.010782872346106528
2026-01-03 00:00:00+00:00,SOLUSDT,133.37,,,0.010281755045882647
2026-01-04 00:00:00+00:00,SOLUSDT,134.12,,0.006652690641907149,0.010773202459834437
2026-01-05 00:00:00+00:00,SOLUSDT,137.9,,,0.010773202459834437
2026-01-06 00:00:00+00:00,SOLUSDT,141.08,,0.01793007016197038,0.010935574921979588
2026-01-07 00:00:00+00:00,SOLUSDT,136.39,,0.025454171202219884,0.010935574921979588
2026-01-08 00:00:00+00:00,SOLUSDT,138.37,0.01871847523924175,0.020043278877231452,0.00904956883809727
2026-01-09 00:00:00+00:00,SOLUSDT,135.97,0.005924543221712344,0.004020837575701953,0.00892786913125538
2026-01-10 00:00:00+00:00,SOLUSDT,135.84,,,0.009635396724029681
2026-01-11 00:00:00+00:00,SOLUSDT,139.7,,,0.00963539672402968
2026-01-12 00:00:00+00:00,SOLUSDT,139.22,0.003297963454466672,0.027101121344074202,0.011594049286232285
2026-01-13 00:00:00+00:00,SOLUSDT,145.51,0.009904963224254595,0.0182169169884198,0.011594049286232285
2026-01-14 00:00:00+00:00,SOLUSDT,146.69,0.01359713179711737,0.0030638226639704935,0.012445016883072974
2026-01-15 00:00:00+00:00,SOLUSDT,142.4,0.017325698214859003,0.02367588498670073,0.011378353617953179
2026-01-16 00:00:00+00:00,SOLUSDT,144.89,0.017681843218116604,0.0042737528491624665,0.012182322873890363
2026-01-17 00:00:00+00:00,SOLUSDT,143.72,0.019146815007915586,,0.011652417309317344
2026-01-18 00:00:00+00:00,SOLUSDT,137.87,0.014718711398110098,,0.011652417309317344
2026-01-19 00:00:00+00:00,SOLUSDT,133.44,,,0.010186309397934357
2026-01-20 00:00:00+00:00,SOLUSDT,125.8,,0.040828581840692865,0.012640312437255639
2026-01-21 00:00:00+00:00,SOLUSDT,129.54,,0.022120289959824752,0.011858612923201233
2026-01-22 00:00:00+00:00,SOLUSDT,128.47,,0.015276168017827852,0.011858612923201233
2026-01-23 00:00:00+00:00,SOLUSDT,127.43,,0.004138345823809178,0.010990406795362258
2026-01-24 00:00:00+00:00,SOLUSDT,127.21,,,0.010990406795362258
2026-01-25 00:00:00+00:00,SOLUSDT,118.85,,0.04340292602600922,0.013071244511777144
2026-01-26 00:00:00+00:00,SOLUSDT,124.24,0.02623040147834798,,0.013071244511777144
2026-01-27 00:00:00+00:00,SOLUSDT,127.19,0.024279304241838398,0.01315974340908648,0.012476734601938145
2026-01-28 00:00:00+00:00,SOLUSDT,125.35,0.022001659611144392,,0.012476734601938145
2026-01-29 00:00:00+00:00,SOLUSDT,117.82,0.015874107031359767,,0.011908406376187897
2026-01-30 00:00:00+00:00,SOLUSDT,117.59,0.016445922650520237,0.015124430678589769,0.01525643615130904
2026-01-31 00:00:00+00:00,SOLUSDT,105.58,0.01891835280255268,0.03984295392430953,0.014548908558534737
2026-02-01 00:00:00+00:00,SOLUSDT,100.79,,0.061672742588580964,0.014939594919975001
2026-02-02 00:00:00+00:00,SOLUSDT,104.55,0.01465605797044228,0.07329607279482346,0.016417547505947497
2026-02-03 00:00:00+00:00,SOLUSDT,97.89,0.029279797201433314,,0.016417547505947497
2026-02-04 00:00:00+00:00,SOLUSDT,92.12,0.028356544251055188,,0.015417181666188036
2026-02-05 00:00:00+00:00,SOLUSDT,78.35,,0.03814681654798609,0.014873262106441716
2026-02-06 00:00:00+00:00,SOLUSDT,87.46,0.057997750832373865,0.014137194022877197,0.017212403989428464
2026-02-07 00:00:00+00:00,SOLUSDT,87.59,0.05302228802872254,0.02713403051776516,0.017663521783037248
2026-02-08 00:00:00+00:00,SOLUSDT,86.99,0.05169119944389108,0.013144811776127648,0.017663521783037248
2026-02-09 00:00:00+00:00,SOLUSDT,86.77,0.051533383641646724,0.036609291921151796,0.019310347499321576
2026-02-10 00:00:00+00:00,SOLUSDT,82.99,0.053250855170067196,,0.016856344460000294
2026-02-11 00:00:00+00:00,SOLUSDT,79.3,0.04820959955910686,0.02149388008025765,0.016715577190396038
2026-02-12 00:00:00+00:00,SOLUSDT,78.4,0.05035694200861363,0.02604149853173165,0.01879352300867231
2026-02-13 00:00:00+00:00,SOLUSDT,84.33,0.04846902343816509,,0.01879352300867231
2026-02-14 00:00:00+00:00,SOLUSDT,88.06,0.03500441097576877,0.024153559009060337,0.019071520243632407
2026-02-15 00:00:00+00:00,SOLUSDT,86.16,0.03343989182126237,,0.01649923511326573
2026-02-16 00:00:00+00:00,SOLUSDT,86.45,0.02267254535442741,0.03804693709288962,0.01808937442971041
2026-02-17 00:00:00+00:00,SOLUSDT,85.08,0.031792248507318224,0.004282273805901144,0.01729571250851471
2026-02-18 00:00:00+00:00,SOLUSDT,81.61,0.03261919806173583,,0.01729571250851471
2026-02-19 00:00:00+00:00,SOLUSDT,82.5,0.033881959134386845,,0.01729571250851471
2026-02-20 00:00:00+00:00,SOLUSDT,84.67,0.027821909647136062,,0.013458690190530793
2026-02-21 00:00:00+00:00,SOLUSDT,85.17,0.018516151737350224,,0.013458690190530793
2026-02-22 00:00:00+00:00,SOLUSDT,82.79,0.03327430116376131,,0.013068003829090532
2026-02-23 00:00:00+00:00,SOLUSDT,77.9,0.02389085971178286,,0.009631398680915433
2026-02-24 00:00:00+00:00,SOLUSDT,78.99,0.017540422133141224,,0.009631398680915433
2026-02-25 00:00:00+00:00,SOLUSDT,88.06,0.017212825836076688,0.024070617934022702,0.011751152542637568
2026-02-26 00:00:00+00:00,SOLUSDT,85.91,0.051664720757213796,0.01136393447327698,0.011751152542637568
2026-02-27 00:00:00+00:00,SOLUSDT,81.85,,0.014489518656230625,0.00860804140371364
2026-02-28 00:00:00+00:00,SOLUSDT,84.35,,,0.008156923610104852
2026-03-01 00:00:00+00:00,SOLUSDT,83.6,,0.05969344612755089,0.010482122914593653
2026-03-02 00:00:00+00:00,SOLUSDT,86.64,,0.04101612976316855,0.009747264289733512
2026-03-03 00:00:00+00:00,SOLUSDT,86.97,,,0.009747264289733513
2026-03-04 00:00:00+00:00,SOLUSDT,90.85,,0.0339841486443289,0.010185111067984712
2026-03-05 00:00:00+00:00,SOLUSDT,88.77,0.01359712936410474,,0.00810716524970844
2026-03-06 00:00:00+00:00,SOLUSDT,84.7,,,0.00810716524970844
2026-03-07 00:00:00+00:00,SOLUSDT,83.22,0.010172932292445947,,0.007829168014748339
2026-03-08 00:00:00+00:00,SOLUSDT,81.59,,,0.009268891310886268
2026-03-09 00:00:00+00:00,SOLUSDT,84.96,0.0013352463791552612,,0.0076787519944415865
2026-03-10 00:00:00+00:00,SOLUSDT,85.88,,0.028161477801884074,0.008280281491924921
2026-03-11 00:00:00+00:00,SOLUSDT,86.58,0.00395681204205894,0.02907443796837547,0.008700781424306817
2026-03-12 00:00:00+00:00,SOLUSDT,86.84,,,0.008700781424306817
2026-03-13 00:00:00+00:00,SOLUSDT,88.18,,0.0049973432253693755,0.008700781424306817
2026-03-14 00:00:00+00:00,SOLUSDT,88.03,0.003300287706459394,,0.008700781424306817
2026-03-15 00:00:00+00:00,SOLUSDT,92.3,0.0038823009764194605,,0.008700781424306817
2026-03-16 00:00:00+00:00,SOLUSDT,96.2,0.01234610549983968,0.025991714031296353,0.010158549745462785
2026-03-17 00:00:00+00:00,SOLUSDT,94.62,0.01626692811059501,,0.010158549745462785
2026-03-18 00:00:00+00:00,SOLUSDT,90.08,0.008944727810357284,,0.00803879588374065
2026-03-19 00:00:00+00:00,SOLUSDT,88.89,,0.015478772159987627,0.008398157459480525
2026-03-20 00:00:00+00:00,SOLUSDT,89.84,,0.018109289568813115,0.009145350607795255
2026-03-21 00:00:00+00:00,SOLUSDT,87.56,,,0.009145350607795255
2026-03-22 00:00:00+00:00,SOLUSDT,86.2,,0.030138755787440956,0.008473679447684268
2026-03-23 00:00:00+00:00,SOLUSDT,91.43,,,
